Name,URL
Geological Society Of Albania,http://gsa-al.org
Open Data Albania,http://open.data.al
Misiones Open Data,http://datos.misiones.gov.ar/
Servicio MeteorolÃ³gico Nacional,http://smn.gov.ar/
Commonwealth Scientific And Industrial Research Organisation,http://data.csiro.au/
Mosman Council Datastore,http://data.mosman.nsw.gov.au/
South Australia Open Data,http://data.sa.gov.au/
Victoria Open Data,http://data.vic.gov.au/
Queensland - Department Of Natural Resources And Mines,http://dnrm.qld.gov.au/
"Victoria - Department Of Transport, Planning And Local Infrastructure",http://maps.land.vic.gov.au
Australian Capital Territory - Environment And Planning Directorate,http://planning.act.gov.au/tools_resources
Austrian Ogd Basemap,http://basemap.at
Graz Open Data,http://data.graz.gv.at
Data.gv.at - Offene Daten Ã–sterreich,http://data.gv.at/
KÃ¤rnten Open Data,http://data.ktn.gv.at/
Linz Open Data,http://data.linz.gv.at/
Linked Clean Energy Data - Data.reegle.info,http://data.reegle.info/
Austrian Geological Society,http://geol-ges.at
Statistik Austria,http://statistik.at
Department Of Hydrometeorology,http://pogoda.by/
Belgium Roots - Place Names,http://belgium.rootsweb.ancestry.com/bel/_places
Nationaal Geografisch Institut,http://ngi.be
Geobolivia,http://geo.gob.bo
Ministry Of Education,http://www.minedu.gob.bo/
African Development Bank Group Open Data,http://botswana.opendataforafrica.org/
"Novo Hamburgo, Rio Grande Do Sul, Brazil",http://dados.novohamburgo.rs.gov.br
Datos Rio,http://data.rio.rj.gov.br
Instituto Brasileiro De Geografia E EstatÃ­stica (ibge),http://ibge.gov.br
African Development Bank Group Open Data,http://burundi.opendataforafrica.org/
African Development Bank Group Open Data,http://capeverde.opendataforafrica.org/
Inststituto Nacional De Estatistica,http://ine.cv
Instituto Nacional De Meteorologia E GeophÃ­sica,http://meteo.cv/
African Development Bank Group Open Data,http://cameroon.opendataforafrica.org/
Datacatalogs.org,http://datacatalogs.org/
New Brunswick Geonb,http://b.ca/geonb1/e/dc/catalogue-e.asp
"Kingston, On - Data Catalogue",http://cityofkingston.ca/explore/data-catalogue
"Burlington, Ontario",http://cms.burlington.ca/page7429.aspx
"District Of West Kelowna, Bc",http://districtofwestkelowna.ca/index.aspx?page=240
"Sherbrooke, Qc Open Data",http://donnees.ville.sherbrooke.qc.ca/
Meteorological Service Of Canada,http://ec.gc.ca/meteo-weather
Yukon Geological Survey,http://geology.gov.yk.ca
Manitoba Geographical Names Program,http://gov.mb.ca/conservation/lands_branch/geo_names/
"Halifax, Ns Open Data",http://halifax.ca/opendata/
"Mississauga, On Open Data",http://mississauga.ca/portal/residents/publicationsopendatacatalogue
Ontario Mines And Minerals,http://mndm.gov.on.ca/en/mines-and-minerals
Natural Resources Canada,http://nrcan.gc.ca
"Oakville, On Open Data",http://oakville.ca/data/
"Langley, Bc Open Data",http://tol.ca/services-contact/open-data
"Region Of York, On Open Data",http://york.ca/regional+government/open+data/default+open+data.htm
Ministry Of Education,http://inseed-tchad.org
Chilean Transparency Board,http://consejotransparencia.cl/consejo/site/edic/base/port/pcatalogo.html
Chile's Transparency Board Opendata,http://www.consejotransparencia.cl/consejo/site/edic/base/port/pcatalogo.html
Datos.gob.cl,http://www.data.gov.cl/
Mcp,http://219.238.166.215/mcp/
Hong Kong Open Data,http://gov.hk/en/theme/psi
National Bureau Of Statistics Of China,http://stats.gov.cn
Data Gov HK,https://data.gov.hk/en
National Administrative Department Of Statistics,http://dane.gov.co
The Network For The Geological And Mining References,http://drcmining.org/
Democratic Republic Of The Congo Open Data,http://drcongo.opendataforafrica.org/
Agence Nationale De MÃ©tÃ©orologie Et De TÃ©lÃ©dÃ©tection Par Satellite,http://meteo-congo-kinshasa.net/
Instituto Nacional De EstadÃ­stica Y Censos,http://inec.go.cr
Zg Geoportal,http://geoportal.zagreb.hr
Censo De Poblacion Y Viviendas,http://cubagob.cu/otras_info/censo
Czech Hydrometeorological Institute,http://chmi.cz
Czech Republic Open Data,http://cz.ckan.net/
Czech Statistical Office,http://czso.cz
Danish Data Catalogue,http://data.digitaliser.dk
Geus,http://geus.dk
DirrecÃ£o Nacional Meteorologia E Geofisica,http://dnmg.gov.tl/
Egypt Survey Authority,http://esa.gov.eg
National Meteorological Services Agency,http://ethiomet.gov.et/
African Development Bank Group Open Data,http://ethiopia.opendataforafrica.org/
European Space Agency - Copernicus Space Component Data Access,http://gmesdata.esa.int
Semantic Interoperability Centre Europe,http://semic.eu/semic/view/snav/assetrepository.xhtml
The Data Hub Suomi,http://fi.thedatahub.org/
City Statistical Office And The City Archives,http://hel.fi/hki/tieke/en/etusivu
Finnish Meteorological Institute,http://ilmatieteenlaitos.fi
National Land Survey Of Finland,http://maanmittauslaitos.fi
Helsinki Region Infoshare,http://www.hri.fi
Statistics Finland,http://www.stat.fi
Ville d'Agen DonnÃ©es Publiques,https://data.agen.fr/
Infolocale,http://data.infolocale.fr/
Pas-de-Calais Open Data,http://tourisme62.opendatasoft.com/
Bistrot de Pays,http://bistrotdepays.opendatasoft.com/
STAR Open Data,https://data.explore.star.fr
CÃ´tes-d'armor,http://www.data-tourisme-cotesdarmor.com/
Angers Loire Metropol Data Catalog,http://data.angers.fr/
Toulouse MÃ©tropole Open Data,https://data.toulouse-metropole.fr
Ile-de-france Open Data,http://data.iledefrance.fr
Open Paca,http://opendata.regionpaca.fr
Data.gouv.fr,http://www.data.gouv.fr/
L'open Data Le Mans,http://www.lemans.fr/page.do?t=2&uuid=16CB26C7-550EA533-5AE8381B-D7A64AF8
NosdonnÃ©es.fr,http://www.nosdonnees.fr
Rheinland-pfalz Open Data,http://daten.rlp.de/
Iati Registry,http://iatiregistry.org/
Germany Datasets,http://offenedaten.de/
Baden-wÃ¼rttemberg Data Portal,http://opendata.service-bw.de/seiten/default.aspx
Publicdata.eu,http://publicdata.eu/
European Central Bank - Statistical Data Warehouse,http://sdw.ecb.europa.eu/
Department D'estadistica,http://estadistica.ad
Datos Publicos,http://datospublicos.org/
National Statistical Service,http://armstat.am
"City Of Ballarat, Vic",http://data.gov.au/organization/city-of-ballarat
"Glenorchy, Tas",http://data.gov.au/organization/gcc
New South Wales Open Data,http://data.nsw.gov.au/
Queensland Open Data,http://data.qld.gov.au/
Geoscience Australia,http://ga.gov.au
Geographic Names Board Of New South Wales,http://gnb.nsw.gov.au
Illawarra - Code The Gong,http://gong.io
Tirol Data Portal,http://data.tirol.gv.at
Open Government Data Wien,http://data.wien.gv.at/
Environment Agency Austria Open Data,http://umweltbundesamt.at/opendata/
Bahrain Meteorological Service,http://bahrainweather.com/
Ministry Of Education,http://education.gov.bh
Open Data Platform Of The Kingdom Of Bahrain,http://www.bahrain.bh/wps/portal/data/
National Mapping Organization,http://sob.gov.bd
National Statistical Committee,http://belstat.gov.by
African Development Bank Group Open Data,http://benin.opendataforafrica.org/
Service MÃ©tÃ©orologique National,http://meteo-benin.net/
Ministry-of-minerals-energy-and-water-resources-mmwer,http://gov.bw/en/ministries--authorities/ministries/ministry-of-minerals-energy-and-water-resources-mmwer
Botswana Meteorological Services,http://weather.info.bw/
Brazil Government Open Data,http://dados.gov.br/
Instituto Nacional De Estudos E Pesquisas Educacionais,http://inep.gov.br
Governo Aberto Do Estado De SÃ£o Paulo,http://www.governoaberto.sp.gov.br
The Brunei Meteorological Service,http://bruneiweather.com.bn/
"Survey Of Brunei,ministry Of Development",http://survey.gov.bn
National Institute Of Meteorology And Hydrology,http://meteo.bg
Le Bureau Des Mines Et De La GÃ©ologie Du Burkina,http://bumigeb.bf
Opendata Burkina Faso,http://data.gov.bf
Institut Geographique Du Burkina,http://igb.bf
National Institute Of Statistics,http://nis.gov.kh
"Chilliwack, Bc",http://chilliwack.com/main/page.cfm?id=2329
British Columbia Local Government Open Data Catalogue,http://data.civicinfo.ca/
"Edmonton, Alberta",http://data.edmonton.ca/
"Regional District Of North Cowichan, Bc",http://data.northcowichan.ca/
International Cancer Genome Consortium,http://dcc.icgc.org
Northwest Territories Centre For Geomatics,http://geomatics.gov.nt.ca/
Geomatics Yukon,http://geomaticsyukon.ca/
"District Of North Vancouver, British Columbia",http://geoweb.dnv.org/data/
"Kelowna, Bc Open Data",http://kelowna.ca/cm/page3936.aspx
"Kitchener, On Open Data",http://kitchener.ca/opendata/
Manitoba Land Initiative,http://mli2.gov.mb.ca/
Ontario Open Data,http://ontario.ca/government/open-data-ontario
Newfoundland And Labrador,http://opendata.gov.nl.ca/
"Brandon, Mb Open Data",http://opengov.brandon.ca
"Guelph, On Open Data",http://openguelph.wpengine.com/open-data-guelph/
"Ottawa, On Mobile Apps And Open Data",http://ottawa.ca/en/mobile-apps-and-open-data/open-data-ottawa
"Regional District Of Okanagan-similkameen, Bc - Gis",http://rdos.bc.ca/departments/information-services/open-data-downloads/
Statistics Canada,http://statcan.gc.ca/
"Winnipeg, Manitoba 2010 Election",http://winnipegelection.ca/open_data_2010
"Windsor, Ontario",http://www.citywindsor.ca/003713.asp
California,http://www.data.ca.gov
British Columbia Open Data,http://www.data.gov.bc.ca/
"Mississauga, Ontario",http://www.mississauga.ca/portal/residents/publicationsopendatacatalogue
"Toronto, Ontario",http://www.toronto.ca/open
Caribbean Meteorological Organization,http://cmo.org.tt
Chile Library Of Congress Linked Data,http://datos.bcn.cl/
Chilean Government Open Data,http://datos.gob.cl/
PeÃ±alolÃ©n Open Data,http://datos.penalolen.cl
OpenData LatinoamÃ©rica,http://opendatalatinoamerica.org
Chinese Government Public Information Online,http://govinfo.nlc.gov.cn/
Colombia Government Open Data,http://datosabiertoscolombia.cloudapp.net/frm/buscador/frmbuscador.aspx
Instituto GeogrÃ¡fico Nacional Agustin Codazzi,http://igac.gov.co
African Development Bank Group Open Data,http://comoros.opendataforafrica.org/
Costa Rica Open Data,http://datosabiertos.gob.go.cr
Instituto MeteorolÃ³gico Nacional,http://imn.ac.cr/
National Statistics Office,http://one.cu
Copenhagen Data,http://data.kk.dk/
Map Supply - Geodatastyrelsens,http://kortforsyningen.dk
Ministry Of Energy & Mines,http://dgm.gov.do
Transparency Data,http://transparency.gov.tl
Ministerio De EducaciÃ³n,http://educacion.gob.ec
Instituto Nacional De MeteorologÃ­a E HidrologÃ­a,http://inamhi.gob.ec/
The Egyptian Meteorological Authority,http://nwp.gov.eg/
Direccion General De Estadstica Y Censos,http://digestyc.gob.sv
Servicio Nacional De Estudios Territoriales,http://snet.gob.sv/
Estonian Weather Service,http://ilmateenistus.ee/
European Climate Assessment & Dataset,http://eca.knmi.nl/
Fiji Meteorological Service,http://met.gov.fj/
JyvÃ¤skylÃ¤ Open Data,http://data.jyvaskyla.fi
Lounais-suomi (southwest) Finland,http://paikkatietokeskus.lounaispaikka.fi/fi/aineistot/
Helsinki Regional Transport Open Data/api,http://reittiopas.fi
Alpes-de-Haute-Provence Open Data,http://tourisme04.opendatasoft.com/
STIF Open Data,http://opendata.stif.info/
DÃ©partement Manche,http://conseil.general.manche.fr/open-data.asp
Metz MÃ©tropole,http://data.gouv.fr/fr/organizations/metz-metropole/
Ville De Issy-les-moulineaux,http://data.issy.com
Meteo France,http://meteofrance.com
Mulhouse Open Data,http://www.mulhouse.fr/fr/les-donnees/
RÃ©gion Auvergne,http://opendata.auvergne.fr
La Rochelle Open Data,http://opendata.larochelle.fr
Territoire Montpellier NumÃ©rique - DonnÃ©es Publiques Ouvertes,http://opendata.montpelliernumerique.fr
DÃ©partement Maine-et-loire,http://www.opendata49.fr/
Ville De Strasbourg,http://strasbourg.eu/fr/ma-situation/professionnel/open-data
Opendata71,http://www.opendata71.fr/
African Development Bank Group Open Data,http://gambia.opendataforafrica.org/
Gambia Bureau Of Statistics,http://gbos.gm
National Statistics Office Of Georgia,http://geostat.ge
Georgia Public Information Database,http://www.opendata.ge
Ministry Of Mines - Afghanistan Geological Survey,http://bgs.ac.uk/afghanminerals/
Institutii Statistikave,http://instat.gov.al
African Development Bank Group Open Data,http://algeria.opendataforafrica.org/
Office National De La MÃ©tÃ©orologie,http://meteo.dz/
Institut D'estudis Andorrans,http://iea.ad
Bahaia Blanca Open Data,http://bahiablanca.opendata.junar.com/home/
La Nacion,http://data.lanacion.com.ar/
Instituto Nacional De EstadÃ­stica Y Censos,http://indec.mecon.ar
Institute Of Geological Sciences (igs),http://geology.am
Australian Bureau Of Statistics,http://abs.gov.au
"City Of Launceston, Tas",http://data.gov.au/organization/cityoflaunceston
"Melbourne, Vic",http://data.gov.au/organization/cityofmelbourne
Tasmania - Land Property And Titles,http://dpipwe.tas.gov.au/land-property-titles/
Western Australia - Landgate,http://landgate.wa.gov.au
Local Government Data,http://localdata.net.au/
Research Data Australia,http://researchdata.ands.org.au/
South Australia Housing Property And Land,http://sa.gov.au/topics/housing-property-and-land
Australian Antarctica Data Centre,http://www1.data.antarctica.gov.au/
Dataact (australian Capital Territory),https://data.act.gov.au/
Geologische Bundesanstalt,http://geologie.ac.at
Vienna Open Data,http://open.wien.at/site/datenkatalog/
Open Data Portal Austria,http://opendataportal.at/
Vorarlberg Open Data,http://vorarlberg.gv.at/
Geological Institute - National Academy Of Science,http://gia.az
Central Informatics Organisation,http://cio.gov.bh
Geological Survey Of Bangladesh,http://gsb.gov.bd
Ministry Of Education,http://moedu.gov.bd
Belgium Government Open Data,http://data.gov.be/
Statistics Belgium,http://statbel.fgov.be
Brussels Open Data,http://www.brussels.be/artdet.cfm/7191
Belgium Meteorological Office,http://www.meteo.be
Institut National De La Statistique Et De L'nalyse Economique,http://insae-bj.org
Brazil Open Data,http://br.ckan.net/
Geological Survey Of Brazil (cprm),http://cprm.gov.br
Alagoas,http://dados.al.gov.br/
Porto Alegre Open Data,http://datapoa.com.br/
Direction De La MÃ©tÃ©orologie,http://meteo-burkina.net/
Alberta Geological Survey,http://ags.gov.ab.ca
"Ariel Photos Of Banff, Ab",http://banff.ca/index.aspx?nid=885
"Windsor, On Open Data",http://citywindsor.ca/opendata
Canada Climate Data,http://climate.weather.gc.ca/
Capital Regional District Atlas,http://crdatlas.ca/geospatial-data.aspx
QuÃ©bec,http://data.gouv.qc.ca/
"Medicine Hat, Alberta",http://data.medicinehat.ca/
"Nanaimo, British Columbia",http://data.nanaimo.ca/
Winnipeg Open Data,http://data.winnipeg.ca
"MontrÃ©al, QuÃ©bec",http://donnees.ville.montreal.qc.ca/
"Fredericton, Nb Open Data",http://fredericton.ca/en/citygovernment/datamain.asp
Prince Edward Island Gis Data Layers,http://gov.pe.ca/gis/
"Milton, On Open Data",http://icreateopendata.public.esolutionsgroup.ca/
Nova Scotia Geonova,http://novascotia.ca/geonova
Newfoundland & Labrador Geological Survey,http://nr.gov.nl.ca/mines&en/geosurvey
"Saskatoon, Sk Open Data",http://opendata-saskatoon.cloudapp.net/
"Prince George, British Columbia",http://princegeorge.ca/cityservices/online/odc/pages/documents.aspx
"Thunder Bay, On - Transit Api",http://thunderbay.ca/living/getting_around/thunder_bay_transit/developers_-_open_data.htm
"Toronto, On Open Data",http://toronto.ca/open
"Vancouver, Bc Open Data",http://vancouver.ca/your-government/open-data-catalogue.aspx
"Banff, Ab Open Data",http://www.banffopendata.ca
Canada,http://www.data.gc.ca/
Open Data Bc Crowdsourced Portal,http://www.opendatabc.ca
"Ottawa, Ontario",http://www.ottawa.ca/en/city_hall/statisticsdata/opendata/info/index.htm
"Regional District Of North Okanagan, British Columbia",http://www.rdno.ca/index.php/maps/digital-data
"Saskatoon, Saskatchewan",http://www.saskatoon.ca/departments/corporate%20services/corporate%20information%20services/opendata/pages/opendata.aspx
Caribbean Community Regional Statistics,http://caricomstats.org
RÃ©publique Direction GÃ©nÃ©rale De La Statistique,http://stat-centrafrique.com/
CatÃ¡logo Nacional De InformaciÃ³n Geoespacial,http://geoportal.cl
Cgn,http://cgn.ac.cn
China Meteorological Administration,http://cma.gov.cn/
International Union Of Geological Scientists,http://iugs.org/
Lands Department,http://landsd.gov.hk
Fengyun Satellite Data Center,http://satellite.cma.gov.cn/portalsite/data/satellite.aspx
"Instituto De HidrologÃ­a, MeteorologÃ­a Y Estudios Ambientales",http://ideam.gov.co/
Centre National De La Statistique Et Des Etudes Economiques,http://cnsee.org
Direction De La MÃ©tÃ©orologie Nationale,http://meteo congo
African Development Bank Group Open Data,http://rcongo.opendataforafrica.org/
Cook Islands Statistics Office,http://mfem.gov.ck
Association Of European Geological Societies,http://aegs.it
Hrvatski Geloski Institut,http://hgi-cgs.hr
Meteorological And Hydrological Service,http://meteo.hr
Czech Geological Society,http://geologickaspolecnost.cz
Ministry Of Education And Human Resource Development,http://dominica.gov.dm/education-and-human-resource-development
Encuesta Nacional De Hogares De PropÃ³sitos MÃºltiples,http://one.gov.do
General Directorate Of Statistics,http://statistics.gov.tl
Estadistico Instituto Nacional De EstadÃ­stica Y Censos,http://inec.gob.ec/estadisticas/
Trafford Open Data,http://www.trafford.gov.uk/opendata
African Development Bank Group Open Data,http://equinea.opendataforafrica.org/
Place Names Board Of Estonia,http://eki.ee/knn
European Commission Eurostat,http://epp.eurostat.ec.europa.eu/portal/page/portal/statistics/themes
Ess-eric,http://europeansocialsurvey.org/data/
Engage European Open Data,http://www.engagedata.eu/opendatasites
Finish Transport Agency Api,http://developer.matka.fi
Tampere Public Transport - Api,http://developer.publictransport.tampere.fi
Research Institute For The Languages Of Finland - Names Of Countries In Seven Languages,http://kaino.kotus.fi/maidennimet/index.php?h=en
Oulu Open Data,http://ouka.fi/oulu/english/open-data
Infogreffe Open Data,http://datainfogreffe.fr/
Grand Lyon Data Catalog,http://catalogue.data.grandlyon.com/
Department Loire-atlantique Open Data,http://data.loire-atlantique.fr/
MÃ©tÃ©o-france Polynesie Francaise,http://meteo.pf/
DÃ©partement De La Moselle,http://moselleopendata.fr/
Open Data Ville De Bordeaux,http://opendata.bordeaux.fr/
Afganistan Open Data Project,http://afghanistandataproject.org
Albanian Geological Survey,http://gsa.gov.al/
Service Geologique National Algeria,http://mem-algeria.org
Office National Des Statistiques,http://ons.dz
African Development Bank Group Open Data,http://angolia.opendataforafrica.org/
Instituto Nacional De EstatÃ­stica,http://ine.gov.ao
Buenos Aires Data,http://data.buenosaires.gob.ar/
Argentine Government Open Data,http://datospublicos.gob.ar
Instituto GeogrÃ¡fico Nacional,http://ign.gob.ar
Armenian State Hydrometeorological And Monitoring Service,http://meteo.am/
Asturias Public Data,http://risp.asturias.es
"Brisbane, Qld Open Data",http://data.brisbane.qld.gov.au/
Australian Government Catalogue,http://data.gov.au
"City Of Greater Geelong, Vic",http://data.gov.au/organization/city-of-greater-geelong
Mosman Council Open Data,http://data.mosman.nsw.gov.au
Census & Statistics,http://norfolkisland.gov.nf
Australian Capital Territory Open Data,http://www.data.act.gov.au/
Victorian Government Data Directory,http://www.data.vic.gov.au
Austrian Government Open Data,http://data.gv.at
Vorarlberg,http://data.vorarlberg.gv.at/
Katalog Offene Daten Ã–sterreich,http://offener.datenkatalog.at/
National Hydrometeorological Department,http://eco.gov.az/
State Statistical Committee,http://stat.gov.az
Bangladesh Bureau Of Statistics,http://bbs.gov.bd
Meteorological Services,http://barbadosweather.org/
Department Of Geodesy And Cartography,http://belgeodesy.by/
National Meteorological Service,http://hydromet.gov.bz/
Mnrei,http://mnrei.gov.bz
Land Valuation Department,http://landvaluation.bm
Department Of Geology And Mines,http://moea.gov.bt/departments/department.php?id=3
Servicio GeolÃ³gico Minero,http://sergeotecmin.gob.bo
Agencija Za Statistiku,http://bhas.ba
Meteorological Institute,http://fhmzbih.gov.ba/
Dados Abertos Emap,http://ckan.emap.fgv.br
Statistics Unit,http://www.gov.je/government/jerseyworld/statisticsunit
Bugarian Geological Society,http://bgd.bg
Geological Institute,http://geology.bas.bg
Institut National De La Statistique Et De La Demographie,http://insd.bf
Institut De Statistiques Et Dâ€™Ã©tudes Economiques Du Burundi,http://isteebu.bi
Department Of Meteorology,http://mbodiameteo.com
Administrative Map,http://minatd.cm/gov/site/en/le-ministere/a-propos/carte-administrative
Institut National De La Statistique,http://statistics-cameroon.org
"Calgary, Alberta",http://calgaryonlinestore.com/publicdata.asp
"Chatham-kent, On",http://chatham-kent.ca/sp_training/opendata/pages/datacatalogue.aspx
"Grande Prairie No. 1, Alberta",http://data.countygp.ab.ca/
"Red Deer, Alberta",http://data.reddeer.ca/
Strathcona County,http://data.strathcona.ca/
"Vancouver, British Columbia",http://data.vancouver.ca/datacatalogue/index.htm
British Columbia Geological Survey,http://empr.gov.bc.ca/mining/geoscienc
"Gatineau, Qc Open Data",http://gatineau.ca/donneesouvertes/
Geobc,http://geobc.gov.bc.ca
"Halifax Regional Municipality, Ns Open Data",http://halifaxopendata.ca/
"Hamilton, On Open Data",http://hamilton.ca/projectsinitiatives/opendata/
"Niagara, On Open Data",http://niagarafalls.ca/services/open/data
Canadian Government Open Data,http://open.canada.ca
"Region Of Peel, Ontario",http://opendata.peelregion.ca/
City Of Waterloo,http://opendata.waterloo.ca/
"Regina, Sk Open Data",http://regina.ca/residents/open-government/data/
Regional District Central Okanagan Gis,http://regionaldistrict.com/services/gis/
"Surrey, Bc Open Data",http://surrey.ca/city-services/658.aspx
Commission De Toponymie - Quebec,http://toponymie.gouv.qc.ca
"Victoria, Bc Open Data",http://victoria.ca/en/main/city/open-data-catalogue.html
"Welland, On Opendata",http://welland.ca/open/
"Fredericton, New Brunswick",http://www.fredericton.ca/en/citygovernment/datamain.asp
"London, Ontario",http://www.london.ca/d.aspx?s=/open_data/data_catalogue.htm
"Niagara Falls, Ontario",http://www.niagarafalls.ca/services/open/data
"Niagara Region, Ontario",http://www.niagararegion.ca/government/opendata/default.aspx
"Region Of Waterloo, Ontario",http://www.regionofwaterloo.ca/opendata
"Strathcona, Ab Elections",http://www.strathcona.ca/local-government/strathcona-county-elections/election-2013-open-data/
"Vernon, Bc - Gis",http://www.vernon.ca/map/data_catalogue.html
African Development Bank Group Open Data,http://chad.opendataforafrica.org/
Instituto Nacional De EstadÃ­stica De Chile,http://ine.cl
Lima Open Data,http://lima.datosabiertos.pe/home/
Criik,http://www.criik.com/
Hong Kong Observatory,http://hko.gov.hk
Dalian Municipal Government Information Service,http://zwgk.dl.gov.cn/
Servicio GeolÃ³gico Colombiana,http://sgc.gov.co
Croatian Gazetteer Service,http://cgn.dgu.hr/
Bureau Of Statistics,http://dzs.hr
Crotian Geological Society,http://geologija.hr/
Geoportal,http://geoportal.dgu.hr
Geological Survey Department,http://moa.gov.cy/gsd
Meteorological Service,http://moa.gov.cy/ms
Statistics Service,http://mof.gov.cy/mof/cystat/statistics.nsf
Danish Government Open Data,http://odaa.dk
African Development Bank Group Open Data,http://dhibouti.opendataforafrica.org/
National Registration Center,http://cnr.gob.sv
Birmingham Open Data,http://www.birmingham.gov.uk/open-data
Datagm,http://www.datagm.org.uk
DirecciÃ³n General De EstadÃ­stica Y Cuentas Nacionales,http://dgecnstat-ge.org
Estonian Government Open Data,http://opendata.ee
Central Statistics Agency,http://csa.gov.et
European University Institute: Eu Open Data Portal,http://eui.eu/research/library/researchguides/economics/statistics/dataportal/euopendataportal.aspx
European Open Data,http://open-data.europa.eu/en/data/
Geological Survey Of Finland,http://gtk.fi
Helsinki Region Infoshare,http://hri.fi
Navitia.io Open Data Transport,https://navitia.opendatasoft.com
SNCF Open Data,https://data.sncf.com/
Lacub Open Data Bordeaux,http://data.lacub.fr/
National Institittue Of Statistics And Economic Studies,http://www.insee.fr/fr/bases-de-donnees/default.asp?page=open-data/open-data-utilisation.htm
Central Statistics Organization,http://cso.gov.af
Open Data Albania,http://open.data.al/
Anguilla Statistics Department,http://gov.ai/statistics
Statistics Division,http://ab.gov.ag/article_details.php?id=4792&category=114
Meteorological Services,http://antiguamet.com/
Australian National Placenames Survey,http://anps.org.au
Bureau Of Meteorology,http://bom.gov.au/
"City Of Gold Coast, Qld",http://data.gov.au/organization/city-of-gold-coast
"City Of Hobart, Tas",http://data.gov.au/organization/city-of-hobart
New South Wales State (Australia) Open Data Catalog,http://data.nsw.gov.au
Queensland Government Data,http://data.qld.gov.au
Tasmania Spatial Data,http://dpipwe.tas.gov.au/sif
Place Names Committee For The Northern Territory,http://placenames.nt.gov.au
NiederÃ¶sterreich (lower Austria) Open Data,http://data.noe.gv.at/
Zentralanstalt FÃ¼r Meteorologie Und Geodynamik,http://zamg.ac.at
Bahrain Open Data,http://bahrain.bh/wps/portal/data/
Bangladesh Meteorological Department,http://bmd.gov.bd/
Barbados Statistical Service,http://barstats.gov.bb
Ghent Open Data,http://data.gent.be
Statistics Belize,http://statisticsbelize.org.bz
Louis Galipeau & Andrew Simons,http://bermuda.io/
Department Of Statistics,http://govsubportal.com/ministries/2012-02-10-14-05-02/cabinet-office/statistics/statistics-hq
National Statistics Bureau,http://nsb.gov.bt
Instituto Nacional De Estad&atilde,&shy
Central Statistics Office,http://cso.gov.bw
Ministry Of Education,http://gov.bw/en/ministries--authorities/ministries/ministry-of-education-moe/
Portal De Dados Abertos Do Senado Federal (brazil),http://dadosabertos.senado.gov.br/
Instituto Nacional De Meteorologia,http://inmet.gov.br/
Department Of Econonic Planning And Development,http://depd.gov.bn/statistic_data.html
National Statistical Institute,http://nsi.bg
African Development Bank Group Open Data,http://burkinafaso.opendataforafrica.org/
MinistÃ©rio Da EducaÃ§Ã£o E Desporto,http://www.minedu.gov.cv/
Winnipeg Transit Api,http://api.winnipegtransit.com/home/api
"Brampton, On Open Data",http://brampton.ca/en/city-hall/opengov/
Nunavat Geoscience,http://cngo.ca/
Alberta Open Data,http://data.alberta.ca/
"Calgary, Ab Open Data",http://data.calgary.ca
"Qualicum Beach, Bc",http://data.civicinfo.ca/organization/qualicum-beach-town
"Ottawa, On Open Data",http://data.ottawa.ca/
"Whitehorse, Yk Open Data",http://data.whitehorse.ca/
"QuÃ©bec, QuÃ©bec",http://donnees.ville.quebec.qc.ca/
British Columbia Property Tax,http://evaluebc.bcassessment.ca/
"Guelph, Ontario",http://guelph.ca/services.cfm?itemid=78870&smocid=1550
"Kamloops, Bc - My Maps",http://kamloops.ca/downloads/maps/launch.htm
"London, On Open Data",http://london.ca/city-hall/open-data/pages/open-data-data-catalogue.aspx
Niagara Region Of Ontario Open Data,http://niagararegion.ca/government/opendata
Northwest Territories Geoscience,http://nwtgeoscience.ca/services/
Our Airports,http://ourairports.com/data
"Region Of Waterloo, On Open Data",http://regionofwaterloo.ca/en/regionalgovernment/opendatahome.asp
"West Perry Sound, On Geography Network",http://wpsgn.ca/website/seguin.html
Opendatabc Data Catalogue,http://www.opendatabc.ca/?app=odcat2
"Saanich, Bc Open Data",http://www.saanich.ca/data
"Saanich, Bc",http://www.saanich.ca/data/catalogue/index.php
"Surrey, British Columbia",http://www.surrey.ca/city-services/658.aspx
"Township Of Langley, British Columbia",http://www.tol.ca/servicescontact/opendata/opendatacatalogue.aspx
Economics And Statistics Office,http://eso.ky
African Development Bank Group Open Data,http://car.opendataforafrica.org/
DirecciÃ³n MeteorolÃ³gica De Chile,http://meteochile.cl/
Servicio Nacional De GeologÃ­a Y MinerÃ­a,http://sernageomin.cl
Census And Statistics Department,http://censtatd.gov.hk
Meteorological And Geophysical Bureau,http://smg.gov.mo/
Cook Islands Meteorological Service,http://cookislands.pacificweather.org/
Population And Housing Census,http://censos.ccp.ucr.ac.cr
Instituto GeogrÃ¡fico Nacional,http://snitcr.go.cr
Nstituto De MeteorologÃ­a,http://insmet.cu/
Research Institute Of Geodesy,http://vugtk.cz
Danish Meteorological Institute,http://dmi.dk
Danmark Statistik,http://dst.dk
Direction Nationale De La Statistique,http://ministere-finances.dj/statist.htm
Dominica Meteorological Services,http://weather.gov.dm/
Oficina Nacional De MeteorologiÃ¡,http://onamet.gov.do/
Central Agency For Mobilization And Statistics,http://capmas.gov.eg
Egyptian Geological Survey And Mining Authority (egsma),http://egsma.gov.eg
Egytian Government Open Data,http://egypt.gov.eg/english/general/open_gov_data_initiative.aspx
Ministry Of Education,http://mined.gob.sv
Isle Of Man - Agriculture Statistics,http://gov.im/about-the-government/departments/environment-food-and-agriculture/agriculture-directorate/agriculture-statistics/
Isle Of Man Census,http://gov.im/categories/home-and-neighbourhood/census/
"Ministry Of Mines, Industry And Energy",http://equatorialoil.com
African Development Bank Group Open Data,http://eritria.opendataforafrica.org/
Statistics Estonia,http://stat.ee/en
Geological Survey Of Ethiopia,http://gse.gov.et
Bureau Of Statistics,http://statsfiji.gov.fj
Statistics And Research Aland,http://asub.ax
Laatua Verkkoon (finland) Catalog,http://data.suomi.fi
Tampere Open Data,http://tampere.fi/avoindata
"MENESR (MinistÃ¨re de l'Education Nationale, de l'Enseignement SupÃ©rieur et de la Recherche)",http://data.enseignementsup-recherche.gouv.fr/
ERDF Open Data,https://data.erdf.fr/page/accueil/
RATP Open Data,http://data.ratp.fr/
Ville De Saint-malo,http://data.gouv.fr/fr/organizations/ville-de-saint-malo/
Nantes Ouverture Des DonnÃ©es,http://data.nantes.fr
RÃ©gion Pays De La Loire,http://data.paysdelaloire.fr
Bouche-rhone / Provence Data Portal,http://data.visitprovence.com/
Boundaries Of Administrative Divisions In France,http://github.com/gregoiredavid/france-geojson
Le Mans Open Data,http://lemans.fr/page.do?t=2&uuid=16cb26c7-550ea533-5ae8381b-d7a64af8
Ville De Brocas,http://opendata.brocas.fr
La Rochelle,http://www.opendata.larochelle.fr/
European Open Data Inventory,http://datahub.io/dataset?tags=eutransparency
Bremen Open Data,http://daten.bremen.de/
Weather And Climate - Deutscher Wetterdienst,http://dwd.de/
European Meteorological Society,http://emetsoc.org/resources/meteorological-and-hydrological-services
Ghana Statistical Service,http://statsghana.gov.gh
Greece National Data Portal,http://data.gov.gr/
National Statistical Service Of Greece,http://statistics.gr
Instituto Nacional De EstadÃ­stica,http://ine.gob.gt
Institut Haitien De Statistique Et D'informatique,http://ihsi.ht
India Government Open Data,http://data.gov.in/
India Meteorological Department,http://imd.gov.in/
Iranian National Geographical Names Database,http://gndb.ncc.org.ir
Geological Survey Of Iran,http://gsi.ir
Ireland Government Open Data,http://opendata.ie/
Dublinked Datastore,http://www.dublinked.ie/datastore/index.php
Statcentral.ie,http://www.statcentral.ie/
data.gov.ie,https://data.gov.ie/data
City Of Rome Open Data,http://dati.comune.roma.it/
Geodata Vicenza,http://www.comune.vicenza.it/ente/settori/dipgenpers/sistinf/sit/daticartografici.php
Sardinia Geoportal,http://www.sardegnageoportale.it/index.html
Enel Power Company Finacial/sustanability Data,http://data.enel.com
Italian Chamber Of Deputies,http://dati.camera.it/it/
Italian Government Open Data,http://dati.gov.it
Istat,http://dati.istat.it/
Ministry Of Health,http://dati.salute.gov.it/dati/homedataset.jsp
Comune Di Firenze (florence) Open Data,http://opendata.comune.fi.it
Autonomous Province Of Bolzano Open Data,http://provincia.bz.it/informatica/cartografia/geoportale.asp
National Land Registry,http://nla.gov.jm
Department Of Statistics,http://dos.gov.jo
Kenya Meteorological Department,http://meteo.go.ke/
South Korean Government Open Data,http://data.go.kr
Korea Meteorological Administration,http://kma.go.kr/
Korean Statistical Information Service,http://kosis.kr
National Spatial Data Infrastructure,http://nsdi.go.kr
Latvia Open Data,http://opendata.lv/
Bureau Of Statistics,http://bos.gov.ls
African Development Bank Group Open Data,http://liberia.opendataforafrica.org/
Liberia Institute Of Statistics And Geo-information Services,http://lisgis.net
Lithuanian Hydrometeorological Service,http://meteo.lt/
Administration Of Roads And Bridges - Grand Duchy Of Luxembourg,http://pch.public.lu
Republic Hydrometeorological Institute,http://meteo.gov.mk/
African Development Bank Group Open Data,http://madagascar.opendataforafrica.org/
Malaysian Meteorological Department,http://met.gov.my/
Department Of Meteorology,http://meteorology.gov.mv/
Office National De MÃ©tÃ©orologie,http://onm.mr/
Mexico Open Data,http://datos.codeandomexico.org/
Servicio MeteorolÃ³gico Nacional,http://smn.cna.gob.mx
Fsm Weather Station,http://weather.noaa.gov/weather/fm_cc.html
African Development Bank Group Open Data,http://mozambique.opendataforafrica.org/
Namibia Meteorological Service,http://meteona.com/
African Development Bank Group Open Data,http://namibia.opendataforafrica.org/
Department Of Hydrology And Meteorology,http://dhm.gov.np/
Alkmaar Open Data,http://alkmaar.nl/opendata
Netherlands Public Data Catalogue,http://data.overheid.nl
Enschede Open Data Catalogue,http://opendata.enschede.nl
Medical Free/libre And Open Source Software,http://www.medfloss.org
Niue Meteorological Service,http://informet.net/niuemet
Land Information New Zealand,http://linz.govt.nz/regulatory
Statistics New Zealand,http://stats.govt.nz
"DirecciÃ³n General De EstadÃ­stica, Encuestas Y Censos",http://dgeec.gov.py
Ministry Of Energy & Mines,http://ingemmet.gob.pe
Datosperu.org,http://www.datosperu.org/
Institute Of Meteorology And Water Management,http://imgw.pl/
Polish Official Statistics,http://stat.gov.pl
National Statistical Institute,http://ine.pt
National Meteorological Administration,http://inmh.ro/
Moscow University - Geology Department,http://geol.msu.ru
Samoa Meteorology Division,http://mnre.gov.ws/
Instituto Nacional De Estadistica,http://ine.st
Presidency Of Meteorology And Environment,http://pme.gov.sa/
Open Government Data Saudi,http://www.saudi.gov.sa/wps/portal/!ut/p/c5/04_sb8k8xllm9msszpy8xbz9cp0os3itmgenye8tiwoduesla89qu69g11a_ywmtq6b8jjk8u68jud44ocqwmndd0mdqnbldrhtpdjygrrcbdubishdwap5-oci08psen7wraxmqd0dyenzo55gfm6pfkbsaghpr4zkzkk4iaom0c0u!/dl3/d3/l0lhskovd0rnquprquvnqsehl1lczncvyxi!/?
National Bureau Of Statistics,http://nsb.gov.sc
Meteorological Office,http://rzs-hm.si/
Solomon Islands Meteorological Service,http://met.gov.sb/
African Development Bank Group Open Data,http://somalia.opendataforafrica.org/
Statistics South Africa,http://beta2.statssa.gov.za
Cape Town Open Data Portal,http://ctcs.capetown.gov.za/opendataportal/
Open Data Portal Galicia,http://abertos.xunta.es/portada
GijÃ³n Public Data Catalogue,http://datos.gijon.es
Datos Abiertos Santander,http://datos.santander.es/
GavÃ  Obert,http://gavaobert.gavaciutat.cat
Extremadura Reutiliza,http://www.extremadurareutiliza.es/
Meteorological Service,http://meteosur.sr/
African Development Bank Group Open Data,http://swaziland.opendataforafrica.org/
Ã–rebro Open Data,http://orebro.se/psidata
Statistiska Centralbyrn,http://scb
Opengov Sweden Catalog,http://www.opengov.se/data
Open Umea,http://www.openumea.se/
Cern Open Data,http://opendata.cern.ch
"Central Geological Survey, Moea",http://moeacgs.gov.tw
Open Government Partnership,http://opengov.go.tz
African Development Bank Group Open Data,http://tanzania.opendataforafrica.org/
Thailand Opendata,http://data.pm.go.th/
African Development Bank Group Open Data,http://togo.opendataforafrica.org/
Turkish State Meteorological Service,http://meteor.gov.tr/
General Directorate Of Mineral And Exploration,http://mta.gov.tr
Tuvalu Statistics,http://spc.int/prism/tuvalu/
Ministry Of Education And Sports,http://education.go.ug
African Development Bank Group Open Data,http://uganda.opendataforafrica.org/
National Bureau Of Statistics,http://uaestatistics.gov.ae
"London, England Open Data",http://data.london.gov.uk
London Borough Of Red Bridge Open Data,http://data.redbridge.gov.uk/
Data For Neighborhoods And Regeneration,http://data4nr.net/resources/data4nr
Department Of Economic Planning And Statistics,http://depstc.org
Bundesanstalt Fur Geowissenschaften Und Rohstoffe,http://bgr.bund.de
German Government Open Data,http://govdata.de/
Cologne Open Data,http://offenedaten-koeln.de/
Hansestadt Rostock Open Data,http://opendata-hro.de/
Greek Government Open Data,http://geodata.gov.gr/
"Instituto Nacional De SismologÃ­a, VulcanologÃ­a, MeteorologiÃ¡ E HidrologÃ­a",http://insivumeh.gob.gt/
African Development Bank Group Open Data,http://guinea.opendataforafrica.org/
Direction Nationale De La MÃ©tÃ©orologie,http://meteo-guinee-conakry.net/
Ministry Of Education,http://education.gov.gy
Centre National De MÃ©tÃ©orologie,http://meteo-haiti.gouv.ht/
Hungarian Geological Society,http://foldtan.hu
Hungarian Central Statistical Office,http://ksh.hu
Meteorological Service Of Hungary,http://met.hu
National Land Survey Of Iceland,http://lmi.is
District Information System For Education,http://dise.in
Indonesian Government Open Data,http://satupemerintah.net
Statistics Ireland,http://cso.ie/
Nui Maynooth,http://dublinked.ie/datastore/index.php
Met Eireann,http://met.ie/
Stat Central Open Data,http://statcentral.ie/
University College Cork - Historical Dictionary Of Irish Placenames,http://ucc.ie/locus/
Bologna Data Portal,http://dati.comune.bologna.it/
Pavia Geodata,http://www.comune.pv.it/site/home/dai-settori-e-servizi/servizio-informatico-comunale/s.i.t.-sistema-informativo-territoriale/download-dati-geografici.html
Linked Open Camera,http://www.linkedopendata.it/datasets/loc
Venezia (venice) Open Data,http://dati.venezia.it/
Datiopen.it Group,http://datiopen.it/
Italian Geological Society,http://socgeol.it
Geological Survey Of Japan,http://gsj.jp
Kenya National Bureau Of Statistics,http://knbs.or.ke
National Statistics Office,http://spc.int/prism/country/ki/stats
Statistics Koreo,http://kostat.go.kr
The Korea Data Hub,http://thedatahub.kr/
Latvijas Statistika,http://csb.gov.lv
Lesotho Meteorological Services,http://lesmet.org.ls/
Data.ukmin.lt,http://data.ukmin.lt/
Direction GÃ©nÃ©rale De La MÃ©tÃ©orologie,http://meteomadagascar.mg/
Socio-economic Database,http://maseda.info
Malawi Meteorological Services,http://metmalawi.com/
African Development Bank Group Open Data,http://mali.opendataforafrica.org/
Malta Environment And Planning Authority,http://mepa.org.mt
African Development Bank Group Open Data,http://mauritania.opendataforafrica.org/
Geoportal,http://geoportal.md
Monaco Statistics,http://monacostatistics.mc
Mineral Resource Authority,http://mram.gov.mn
Ministry Of Mines And Energy,http://mme.gov.na
Organization Of African Geological Surveys,http://oagsafrica.org
Nepal Government Open Data,http://data.opennepal.net/
Department Of Education And Sports,http://doe.gov.np
Netherland Government Open Data,http://data.overheid.nl/english
Open Geo-data Amsterdam,http://www.gisdro.nl/open_geodata/
Georepertoire Du Gouvernement De La Nouvelle CalÃ©donie,http://georep.nc/
Tokelau National Statistics Office,http://tokelau.org.nz/tokelau+government/government+departments/office+of+the+council+for+the+ongoing+government+ocog/tokelau+national+statistics+office.html
DirecciÃ³n General De MeteorologÃ­a,http://ineter.gob.ni/
Instituto Nacional De InformaciÃ³n De Desarrollo,http://inide.gob.ni
Nigerian Meteorological Agency,http://nimet.gov.ng/
Ngu Geology For Society,http://ngu.no
Ministry Of Education,http://meduca.gob.pa
Papua New Guinea Meteorological Service,http://pi-gcos.org/
Lima Open Data,http://lima.datosabiertos.pe
Nacional De EstadÃ­stica E Informatica National,http://minedu.gob.pe
Servicio Nacional De MeteorologÃ­a E HidrologÃ­a,http://senamhi.gob.pe/
Philippine Atmospheric Geophysical And Astronomical Services Administration,http://pagasa.dost.gov.ph/
Geological Society Of Poland,http://ptgeol.pl
Portugal Government Open Data,http://dados.gov.pt/
Instituto De Meteorologia,http://meteo.pt/
Despesa PÃºblica Portugal,http://www.despesapublica.com/
Qatar Statistics Authority,http://qsa.gov.qa
Explore Data Romania,http://exploredata.gov.ro
National Institute Of Statistics,http://insse.ro
Institute Of Contemporary Development,http://datagov.ru/
African Development Bank Group Open Data,http://rwanda.opendataforafrica.org/
Department Of Statistics,http://stats.gov.lc/
Samoa Bureau Of Statistics,http://sbs.gov.ws
Agence Nationale De Statistique Et De La DÃ©mographie,http://ansd.sn
Ministry Of Education,http://education.gouv.sn
Statistical Office,http://webrzs.stat.gov.rs/website/
African Development Bank Group Open Data,http://seychelles.opendataforafrica.org/
Singapore Land Authority,http://www.sla.gov.sg/
Mapovy Klient Zbgis,http://zbgis.skgeodesy.sk/tkgis
Statistical Office Of The Republic Of Slovenia,http://stat.si
Open Data South Africa,http://data.codingfordemocracy.org/
South African Weather Service,http://weathersa.co.za/
Valencia,http://gobiernoabierto.valencia.es
Spain Government Data Portal,http://datos.gob.es
Zaragoza Public Data Catalogue,http://datos.zaragoza.es
Grain,http://grain.org/article/entries/4479-grain-releases-data-set-with-over-400-global-land-grabs#
Aragon Open Data,http://opendata.aragon.es
Open Data Euskadi,http://opendata.euskadi.net
CÃ³rdoba Open Data,http://opendatacordoba.com
Spanish Open Data Intiatives,http://opengov.es
Proyecto Aporta - Spanish Public Data Catalogue,http://www.aporta.es/web/guest/buscador_de_catalogos
Balearic Islands Open Data,http://www.caib.es/caibdatafront/
Andalusia Data Portal,http://www.juntadeandalucia.es/datosabiertos/portal.html
Department Of Meteorology,http://meteo.slt.lk/
Department Of Census And Statistic,http://statistics.gov.lk
Sudan Central Bureau Of Statistics,http://cbs.gov.sd
Sudan Meteorological Authority,http://ersad.gov.sd/
Openaid.se,http://openaid.se/
Swedish Meteorological And Hydrological Institute,http://smhi.se/
Swiss Statistics,http://statistics.admin.ch
Opendata Corsica,http://opendata.corse.fr
Ville De Nancy,http://opendata.grand-nancy.org
Parisdata,http://opendata.paris.fr
Opendata Locale Gironde-aquitaine,http://www.datalocale.fr/
Leipzig Open Data,http://apileipzig.de/
Ulm Open Data,http://data.ulm.de/
Hamburg Open Data,http://daten.hamburg.de/
Destatis - Statistisches Bundesamt,http://destatis.de
Welt 2000 Airports/waypoints,http://segelflug.de/vereine/welt2000/
Api Leipzig,http://www.apileipzig.de/
Semantic Interoperability Centre Europe (semic.eu) Catalog,http://www.semic.eu/semic/view/snav/assetrepository.xhtml
Instituto GeogrÃ¡fico Nacional,http://ign.gob.gt
Ministry Of Education,http://mineduc.gob.gt/
African Development Bank Group Open Data,http://guineab.opendataforafrica.org/
Guyana Geology And Mines Commission,http://ggmc.gov.gy
Kozadat,http://kozadat.neumannhaz.hu/fooldal/adatforrasok
Census Of India,http://censusindia.gov.in
Data Indonesia,http://data.id
Israel Meteorological Service,http://ims.gov.il/
Vicenza Open Data,http://comune.vicenza.it/ente/settori/dipgenpers/sistinf/sit/daticartografici.php
Puglia Region Open Data,http://dati.puglia.it/
Servizio Meteorologico Aeronautica Militare,http://meteoam.it/
Bari Open Data,http://opendata.comune.bari.it/
Geoportale Nazionale,http://pcn.minambiente.it
Torino (turin) Open Data,http://www.comune.torino.it/aperto
Trento Open Data,http://www.comune.trento.it/comunicazione/trasparenza/open-data
Mines & Geology Department,http://mgd.gov.jm
Japan Meteorological Agency,http://jma.go.jp
Statistics Bureau Of Japan,http://stat.go.jp
Jordan Meteorological Department,http://jometeo.gov.jo/
National Resource Authority,http://nra.gov.jo
Kenya Open Data Initiative,http://www.opendata.go.ke
Seoul Open Data,http://data.seoul.go.kr
Kosovo Cadastral Agency - Geoportal,http://geoportal.rks-gov.net
Department Of Meteorology,http://met.gov.kw/
Department Of Meteorology And Hydrology,http://dmhlao.etllao.com/
National Statistics Centre,http://nsc
Central Administration For Statistics,http://cas.gov.lb
Land Administration Authority,http://laa.org.ls
Department Of Statistics,http://std.lt
Statec,http://statistiques.public.lu
State Statistical Office,http://stat.gov.mk
Institut National De La Statistique De Madagascar,http://instat.mg
African Development Bank Group Open Data,http://malawi.opendataforafrica.org/
"Office Of Statistics, Budget And Economic Management",http://sboc.fm
Population And Housing Census,http://nso.mn
Statistical Office Of Montenegro,http://monstat.org
Morocco Opendata,http://data.gov.ma/
Instituto Nacional De Meteorologia,http://inam.gov.mz/
Central Bureau Of Statistics,http://cbs.gov.np
Amsterdam Economic Board Open Data Exchange (ode),http://amsterdamopendata.nl
Statistics Netherlands,http://cbs.nl
Tno Geological Survey Of The Netherlands,http://geologicalsurvey.nl
Meteorological Service,http://meteo.an
Amsterdam O+s,http://www.os.amsterdam.nl/
Statistics Office,http://isee.nc
Statistics Niue,http://spc.int/prism/niue
National Institute Of Statistics,http://stat-niger.org
National Bureau Of Statistics,http://nigerianstat.gov.ng
Mapping Authority,http://data.kartverket.no
National Centre For Statistics & Information,http://ncsi.gov.om
Geological Survey Of Pakistan - Online,http://gsp.gov.pk
Pakistan Meteorological Department,http://pmd.gov.pk/
Palestinian Central Bureau Of Statistics,http://pcbs.gov.ps
Datos Peru,http://datosperu.org/
Lima Metropolitation Municipality Open Data,http://munlima.gob.pe/datos-abiertos.html
Statistics Authority,http://census.gov.ph
Phillipines Government Open Data,http://data.gov.ph/
Dados.gov.pt,http://www.dados.gov.pt/
Romanian Geological Society,http://geosociety.ro
Russian Ministry Of Finances,http://budget.gov.ru
Rwanda Meteorological Agency,http://meteorwanda.gov.rw/
Ministry Of Education,http://mineduc.gov.rw/
"Ministry Of Education, Sports And Culture",http://mesc.gov.ws
Geo Serbia,http://geosrbija.rs
Republic Hydrometeorological Service Of Serbia,http://meteo.rs/
Serbia Open Data,http://rs.ckan.net/
African Development Bank Group Open Data,http://sierraleone.opendataforafrica.org/
Singapore Opendata,http://data.gov.sg/
Å tatistickÃ½ Ãšrad Sr,http://portal.statistics.sk
Slovak Hydrometeorological Institute,http://shmu.sk/
Datanest Aliance Fair Play,http://tanest.fair-play.sk/datasets
Slovakia Data Catalogue,http://datanest.fair-play.sk/datasets
Geological Survey Of Slovenia,http://geo-zs.si
National Statistics Office,http://spc.int/prism/solomons
Univerisity Of Kwazulu-natal - African Centre For Population/health Studies,http://africacentre.ac.za/default.aspx?tabid=69
Council For Geoscience,http://geoscience.org.za
Badalona Open Data,http://badalona.cat/portalweb/badalona.portal?_nfpb=true&_pagelabel=opendata
Junta De Castilla Y LeÃ³n Open Data,http://datosabiertos.jcyl.es
Pamplona Open Data,http://pamplona.es/verpagina.asp?idpag=1519&idioma=1
University Of Madrid: Ships 1750 - 1855,http://pendientedemigracion.ucm.es/info/cliwoc/cliwoc15.htm
Data Portal Castilla Y LeÃ³n,http://www.datosabiertos.jcyl.es/
Department Of Resources - Integrated Survey,http://erd.gov.lk/publicweb/erddocs.html
Open Stockholm,http://open.stockholm.se/
Sweden Open Data,http://opengov.se/data
Bank For International Settlements Statistics,http://bis.org/statistics/
Zurich Open Data,https://data.stadt-zuerich.ch/
Switzerland Government Open Data,http://opendata.admin.ch/
World Meteorological Society,http://wmo.int
State Statistical Committee,http://stat.tj
RÃ©gion Alsace,http://opendata.alsace.fr
French Department Hauts De Seine Open Data,http://opendata.hauts-de-seine.net/
Open Data De Nice CÃ´te D'azur,http://opendata.nicecotedazur.org
RÃ©gion Nord-pas-de-calais,http://opendata.nordpasdecalais.fr
DÃ©partement Loir-et-cher,http://pilote41.fr
Versailles Open Data,http://www.cavgp.opendata.arcgis.com/
Rennes MÃ©tropole Open Data,http://www.data.rennes-metropole.fr
African Development Bank Group Open Data,http://gabon.opendataforafrica.org/
Direction GÃ©nÃ©rale Des Statistiques Du Gabon,http://stat-gabon.org
Department Of State For Education,http://dugambia.gm
Department Of Hydrometeorology,http://hydromet.ge/
Mosaic Project,http://censusmosaic.org/web/data
Berlin Open Data,http://daten.berlin.de/
Moers Open Data,http://offenedaten.moers.de/
Data Portal Bremen,http://www.daten.bremen.de/
African Development Bank Group Open Data,http://ghana.opendataforafrica.org/
Ghana Meteorological Services Department,http://meteo.gov.gh/
Hellenic National Meteorological Service,http://hnms.gr
Public Open Data Greece,http://www.geodata.gov.gr/geodata/
MÃ©tÃ©orologie De GuinÃ©e Bissau,http://meteo-guinee-bissau.net/
Instituto Nacional De EstatÃ­stica E Censos,http://stat-guinebissau.com
Bureau Of Statistics,http://statisticsguyana.gov.g
Bureau Of Mines And Energy,http://bme.gouv.ht
Iceland Geosurvey,http://isor.is/
Meteorological And Geophysical Agency,http://bmkg.go.id/
Department Of Education,http://depdiknas.go.id
Ministry Of Energy And Mines,http://esdm.go.id
Fingal Open Data,http://data.fingal.ie/
Ordnance Survey Of Ireland,http://osi.ie
Central Bureau Of Statistics,http://cbs.gov.il
Open Data Firenze,http://dati.comune.firenze.it
Open Data Regione Toscana,http://dati.toscana.it/
Data Regione Lombardia,https://dati.lombardia.it/
Italian Senate Data,http://dati.senato.it/
Trentino Open Data,http://dati.trentino.it/
Veneto Region Open Data,http://dati.veneto.it/
Regione Piemonte (piedmont) Open Data,http://www.dati.piemonte.it
Province Of Rome Open Data,http://www.opendata.provincia.roma.it/
African Development Bank Group Open Data,http://cotedivoire.opendataforafrica.org/
Seoul Open Data,http://data.seoul.go.kr
Ministry Of Planning,http://scpd.gov.kw
National Statisical Committee,http://stat.kg
African Development Bank Group Open Data,http://libya.opendataforafrica.org/
Lithuanian Geological Survey,http://lgt.lt
Ministry Of National Planning,http://planning.gov.mv
Meteorological Office,http://maltairport.com/weather/
Central Statistics Office,http://statsmauritius.gov.mu
Open To Innovate,http://datos.gob.mx
Instituto Nacional De EstadÃ­stica Y GeografÃ­a,http://inegi.gob.mx
Serviciul Hidrometeorologic De Stat Moldova,http://meteo.md/
Direction De La MÃ©tÃ©orologie Nationale,http://marocmeteo.ma/
DirecÃ§Ã£o Nacional De Geologia,http://dng.gov.mz
Instituto Nacional De Estadistica,http://ine.gov.mz
Department Of Meteorology And Hydrology,http://dmh.gov.mm/
Nauru Bureau Of Statistics,http://spc.int/prism/country/nr/stats/
Survey Department,http://dos.gov.np
Open Data Nederland,http://opendatanederland.org
Amsterdam Department For Research And Statistics,http://os.amsterdam.nl/
Rotterdam Open Data,http://rotterdamopendata.nl
Alkmaar - Open Data,http://www.alkmaar.nl/opendata
Rotterdam Open Data Store,http://www.rotterdamopendata.nl/
MÃ©tÃ©o-france Nouvelle CalÃ©donie,http://meteo.nc
New Zealand Government Open Data,http://data.govt.nz/
New Zealand National Meteorological Service,http://metservice.co.nz/met service
Groningen Province And City Open Data,http://data.groningen.nl
Norwegian Government Open Data,http://data.norge.no/
Statistics Norway,http://ssb.no
Bureau Of Budget & Planning,http://palaugov.org/bureau-of-budget-planning
Censos Nacionales,http://contraloria.gob.pa/inec
National Statistical Office,http://spc.int/prism/country/pg/stats/
Datos Abiertos De La Municipalidad Metropolitana De Lima,http://www.munlima.gob.pe/datos-abiertos.html
Geoportal,http://geoportal.gov.ph
Civil Aviation Authority,http://qweather.gov.qa/
Opengovdata Russia Catalog,http://opengovdata.ru
National Institute Of Statistics,http://statistics.gov.rw
Meteorological Services,http://cdera.org/weather/stlucia.php
African Development Bank Group Open Data,http://saotome.opendataforafrica.org/
Central Department Of Statistics & Information,http://cdsi.gov.sa
Direction De La MÃ©tÃ©orologie Nationale,http://meteo-senegal.net/
Meteorological Services Division,http://nea.gov.sg/
Department Of Statistics,http://singstat.gov.sg
State Geological Survey Of The Slovak Republic,http://geology.sk
Slovak Republic National Data Portal,http://data.gov.sk/
African Development Bank Group Open Data,http://southafrica.opendataforafrica.org/
Balearic Islands Open Data,http://caib.es/caibdatafront/
Catalonia Open Data Catalog,http://dadesobertes.gencat.cat
Portal De Datos Abiertos De Jccm,http://opendata.jccm.es/
Open Data Navarra,http://opendata.navarra.es
Opendata Bcn,http://www.bcn.cat/opendata/
Algemeen Bureau Voor De Statistiek,http://statistics-suriname.org
Central Statistics Office,http://gov.sz/index.php?option=com_content
Swaziland Meteorological Service,http://swazimet.gov.sz/
Sweden Bit By Bit,http://geodata.se
Geology Survey Of Sweden,http://sgu.se
Sitg Geneva's Territorial Information System,http://ge.ch/sitg/sitg_catalog/sitg_donnees
Main Administration Of Hydrometeorology And Monitoring Of The Environment,http://meteo.tj/
Geological Survey Of Tanzania,http://gst.go.tz
Open Data Thailand,http://catalog.opendata.in.th/
National Mapping Agency,http://hgk.msb.gov.tr/
TÃ¼rkmenistanyÅˆ Statistika,http://stat.gov.tm
International Aid Transparency Association,http://iatiregistry.org
Geological Society Of Greece,http://geosociety.gr
Direction Nationale De La Statistique,http://stat-guinee.org
National Institute Of Statistics,http://ine.gob.hn
Servicio MeteorolÃ³gico Nacional (smn),http://smn.gob.hn
Statice.is,http://statice
Icelandic Meteorological Office,http://vedur.is/
Karnataka Learning Partnership,http://data.klp.org.in/
Badan Pusat Statistik,http://bps.go.id
Ckan Ireland Open Data,http://ie.ckan.net/
Univeristy Of Dublin Irish Placenames,http://logainm.ie/info.aspx?menuitem=about&contenttitle=proj.machines&uilang=en
Israel Government Portal Open Data,http://data.gov.il/
City Of Milan Open Data,http://dati.comune.milano.it/
Emilia-romaga Region Open Data,http://dati.emilia-romagna.it/
Regione Autonoma Friuli Venezia,http://dati.friuliveneziagiulia.it
Lombardy Region Open Data,http://dati.lombardia.it
Tuscany Open Data,http://dati.toscana.it
Italy Community Data Portal,http://it.ckan.net/
Lucca Open Data,http://opendata.provincia.lucca.it/
Sardegna Open Data,http://sardegnageoportale.it/index.html
African Development Bank Group Statistical Data Portal,http://dataportal.afdb.org
Open Data For Africa,http://opendataforafrica.org/
Meteorological Service,http://metservice.gov.jm/
Statistical Institute Of Jamaica,http://statinja.gov.jm/
Japanese Government Open Data,http://data.go.jp
Geospatial Information Authority Of Japan,http://gsi.go.jp
Community Cycle Bike Sharing,http://kcc.docomo-cycle.jp/en/
Open Data For Kenya Development Bank Group Open Data,http://kenya.opendataforafrica.org/
Kenya Government Open Data,http://opendata.go.ke/
Kosovo Agency Of Statistics,http://ask.rks-gov.net
Kuwait Integrated Environmental Network,http://kiein.kisr.edu.kw
Main Hydrometeorological Administration,http://meteo.ktnet.kg/
"Latvian Environment,geology And Meteorology Agency",http://meteo.lv/
African Development Bank Group Open Data,http://lesotho.opendataforafrica.org/
Administration De L'aÃ©roport De Luxembourg,http://aeroport.lu/
Department Of Geographic Survey,http://malawi.gov.mw/mines
Department Of Statistics Malaysia,http://statistics.gov.my
National Directorate Of Statistics And Data Processing,http://instat.gov.ml
National Statistics Office,http://nso.gov.mt
National Statistics Office,http://ons.mr
African Development Bank Group Open Data,http://mauritius.opendataforafrica.org/
Mauritius Meteorological Services,http://metservice.intnet.mu/
Republic Of Moldova - Open Data Portal,http://data.gov.md
Moldavian Government Open Data,http://date.gov.md
National Bureau Of Statistics,http://statistica.md
Geological Survey Of Montenegro,http://geozavod.co.me
Hydrometeorological Institute Of Montenegro,http://meteo.co.me/
Morrocon Government Open Data,http://data.gov.ma
Planning Commission,http://hcp.ma
Central Statistical Organization,http://mnped.gov.mm
Nambia Geological Survey,http://mme.gov.na/gsn
National Statistics Agency,http://nsa.org.na
Einhoven,http://data.eindhoven.nl
Land Registry And Mapping Agency,http://kadaster.nl
Royal Netherlands Meteorological Institute,http://knmi.nl/
City Of Amsterdam Planning Department,http://maps.amsterdam.nl/open_geodata/
Open Data Antwerp,http://opendata.antwerpen.be/datasets
New Zealand Open Data Catalogue,http://cat.open.org.nz/category/dataset/
Direction De La MÃ©tÃ©orologie Nationale,http://meteo-niger.net/
African Development Bank Group Open Data,http://niger.opendataforafrica.org/
Nigeria Government Open Data,http://data.edostate.gov.ng/
Catalog Of Norwegian Data Portals,http://datakilder.no
Norwegian Meteorological Institute,http://www.met.no/
Department Of Meteorology,http://met.gov.om/
Ministry Of Education,http://moe.gov.pk
Pakistan Bureau Of Statistics,http://pbs.gov.pk
HidrometeorologÃ­a,http://hidromet.com.pa/
DirecciÃ³n De MeteorologÃ­a E HidrologÃ­a,http://meteorologia.gov.py/
Department Of Education,http://deped.gov.ph
InformaÃ§Ã£o GeogrÃ¡fica,http://igeo.pt
Moscow Open Data,http://data.mos.ru
State Committee On Statistics (goskomstat),http://gks.ru
Russian Federal Service For Hydrometeorology And Environmental Monitoring,http://meteorf.ru/
Upeceds,http://statistica.sm
Saudi Geological Survey,http://sgs.org.sa
African Development Bank Group Open Data,http://senegal.opendataforafrica.org/
Ministry Of Education,http://education.gov.sc
National Meteorological Services,http://pps.gov.sc/
Statistics Sierra Leone,http://statistics.sl
Department Of Basic Education,http://education.gov.za
African Development Bank Group Open Data,http://southsudan.opendataforafrica.org/
National Bureau Of Statistics,http://ssnbs.orgssnbs
Agencia Estatal De MeteorologÃ­a,http://aemet.es
Lleida Open Data,http://cartolleida.paeria.es/lleidaoberta/inici.aspx
Lorca,http://datos.lorca.es/
Institute Of Geology And Mines,http://igme.es
Instituto Nacional De EstadÃ­sticaexternal Link,http://ine.e
Regional Government Of Andalusia,http://juntadeandalucia.es/datosabiertos/portal.html
Barcelona Open Data,http://opendata.bcn.cat/opendata/ca
CÃ¡ceres Open Data,http://opendata.caceres.es/
Terrassa Open Data,http://opendata.terrassa.cat/
African Development Bank Group Open Data,http://sudan.opendataforafrica.org/
Geological Survey & Mines Department,http://gov.sz/index.php?option=com_content&view=article&id=285&itemid=363
Sweden Open Data,http://oppnadata.se/
Meteoswiss,http://meteoswiss.ch/
International Federation Of Associated Wrestling Styles,http://www.fila-official.com/index.php?option=com_content&view=article&id=768&itemid=100236&lang=en
National Statistics Republic Of China (taiwan),http://stat.gov.tw/
Taiwan Open Data,http://www.opendata.tw/
Tanzania Meteorological Agency,http://meteo.go.tz
National Statistical Office Of Thailand,http://nso.go.th
Leeds Open Data,http://leeds.gov.uk/opendata/
Transport For London,http://tfl.gov.uk/info-for/open-data-users/
Bristol Open Datadata Portal,http://www.bristol.gov.uk/page/council-and-democracy/bristol-city-council-open-data
Greater Manchester Open Data,http://www.datagm.org.uk/
Merton Council,http://www.merton.gov.uk/council/dp-foi/opendata.htm
Openstreetmap,http://www.openstreetmap.org
Sutton Open Data,http://www.sutton.gov.uk
"Newark, Nj Open Data",http://beta.ci.newark.nj.us/newark-2-0/open-data/
California - Board Of Equalization,http://boe.ca.gov/dataportal/
Buffalo Open Data,http://buffaloopendata.com
"Honolulu, Hawaii",http://can-do.honolulu.gov/
"Charlotte, Nc Open Data",http://clt.charlotte.opendata.arcgis.com
"Onondaga County, Ny - Central New York Vitals",http://cnyvitals.org/onondaga
"Amador County, Ca Gis Division",http://co.amador.ca.us/departments/information-technology/gis
"Santa Cruz County, Ca - Gis",http://co.santa-cruz.ca.us/departments/geographicinformationsystems(gis).aspx
"Summit County, Oh Code For America Brigade Open Data",http://communities.socrata.com/catalog/code-for-summit-county/
Connecticut Department Of Energy & Environmental Protection - Gis Data And Maps,http://ct.gov/deep/cwp/view.asp?a=2701&q=323444&deepnav_gid=1636
Open Reno,http://dashboard.reno.gov/
"Cambridge, Ma Open Data",http://data.cambridgema.gov/
Colorado Open Data,http://data.colorado.gov
Open Data Portal For Cook County Government,http://data.cookcountyil.gov/
"Grand Rapids, Mi Open Data",http://data.grcity.us/
"Honolulu County, Hi Open Data",http://data.honolulu.gov/
"Houston, Tx Open Data",http://data.houston.gov/
Illinois Open Data,http://data.illinois.gov/
"Gilpin County, Co Open Data",http://data.opencolorado.org/group/gilpin-county
"Prince George's County, Md - Openpgc",http://data.princegeorgescountymd.gov
"Providence, Ri Open Data",http://data.providenceri.gov/
"Scottsdale, Az Open Data",http://data.scottsdaleaz.gov/
North Dakota Office Of Management & Budget,http://data.share.nd.gov/pr
Data.virginia.gov,http://data.virginia.gov/
Washington,http://data.wa.gov/
Data Market Open Portal To Datasets,http://datamarket.com/
Dc Gis,http://dcgis.dc.gov
"De Leon, Tx Open Data",http://deleon.socrata.com
Florida Geological Survey,http://dep.state.fl.us/geology/
Mississippi Deq Office Of Geology,http://deq.state.ms.us/mdeq.nsf/page/geology_home
New Hampshire Geological Survey,http://des.nh.gov/organization/commissioner/gsu/
South Carolina Geological Survey,http://dnr.sc.gov/geology
Dot - Minnesota Gis Data,http://dot.state.mn.us/maps/gdma/gis-data.html
Developmental Therapeutics Program (nci/nih),http://dtp.nci.nih.gov/docs/dtp_search.html
"Los Angeles County, Ca - Gis Data Portal",http://egis3.lacounty.gov/dataportal
Fema,http://fema.gov/data-feeds
"Fayetteville, Ar Gis",http://ftp://ftp.accessfayetteville.org/published/gis/
Massachusetts Geological Survey,http://geo.umass.edu/stategeologist/
Arkansas Geological Survey,http://geology.ar.gov
United Nations Spatial Data Infrastructure - Netherlands Coordination Office,http://geomatics.nlr.nl/unsdi/srv
"Calhoun County, Al Revenue Department",http://gis.calhouncounty.org
"Orange, Ca - Gis Data",http://gis.cityoforange.org
Inter-university Consortium For Political And Social Research (icpsr),http://icpsr.umich.edu/icpsrweb/icpsr/
Open Data Index,http://index.okfn.org/
Kentucky Geonet,http://kygeonet.ky.gov/
Maine Geological Survey,http://maine.gov/dacf/mgs
"Mecklenburg County, Nc Gis",http://maps.co.mecklenburg.nc.us/openmapping/
"Lynchburg, Va Gis Data",http://mapviewer.lynchburgva.gov/downloads
Marine Geoscience Data System,http://marine-geo.org
Maxmind,http://maxmind.com/en/opensource
"Twin Cities Metropolitan Region, Mn",http://metrocouncil.org/data-and-maps.aspx
"Miami-dade County, Fl - Public Data",http://miamidade.gov/transparency/public-data.asp
Minnesota Geological Survey,http://mngs.umn.edu
Nasdaq Us Stock Exchanges,http://nasdaq.com/screening/company-list.aspx
New America Foundation Us Drone Attacks,http://natsec.newamerica.net/drones/pakistan/analysis
National Geographic Survey - State Plane Coordinates,http://ngs.noaa.gov/tools/spc.shtml
"New York City, Ny Open Data",http://nycopendata.socrata.com/
Open Access Directory,http://oad.simmons.edu
South Dakota Open Data,http://open.sd.gov/
Open Ag Data Alliance (data Standards For Farmers),http://openag.io/
"Asheville, Nc Open Data",http://opendatacatalog.ashevillenc.gov/
Open Door Kentucky,http://opendoor.ky.gov
Kansas Transparency,http://opendoor.ky.gov/
"Pitt County, Nc - Public Data",http://pittcountync.gov/apps/publicdataportal/
"Arlington County, Va - Crime Reports",http://police.arlingtonva.us/incident-tracking/
Bureau Of Transportation Statistics,http://rita.dot.gov/bts/sites/rita.dot.gov.bts/files/subject_areas/geographic_information_services/index.html
Scott Manning - Population Estimates < 10k Bc,http://scottmanning.com/content/year-by-year-world-population-estimates/
"San Joaquin County, Ca - Gis",http://sjmap.org/
New Jersey Dept. Of Transportation - Gis,http://state.nj.us/transportation/gis
Delaware Transparency Resources,http://transparency.delaware.gov
United Nations Aids,http://unaids.org/en/dataanalysis/
Un Economic Commission For Africa - African Centre For Statistics,http://uneca.org/acs
Washington State University - Wa Gis Data,http://wagda.lib.washington.edu/data/geography/wa_state/
West Virginia Geological & Economic Survey,http://wvgs.wvnet.edu
Bureau Of Labor,http://www.bls.gov/data/
Civic Apps For Greater Portland,http://www.civicapps.org/datasets
"Dallas, Tx Open Data",http://www.dallasopendata.com/
Delaware Open Data,http://www.delaware.gov/data/
Medicare & Medicaid Service,http://www.healthdata.gov/data/dataset/healthcare-finder-api
"Alameda County, Ca Open Data",http://www.infoalamedacounty.org/index.php/data/data-portal.htm
North Dakota Gis Hub,http://www.nd.gov/gis/
Nebraska Open Data,http://www.nebraska.gov/data.html
Nebraska,http://www.nebraska.gov/data/
Pennsylvania Transparency,http://www.pennwatch.pa.gov
Minnesota,http://www.state.mn.us/data/
Utah Transparency,http://www.utah.gov/transparency
"Kenai, Ak - Gis Dept.",http://www2.borough.kenai.ak.us/gisdept/
Fdic Institution Data Download,http://www2.fdic.gov/idasp/warp_download_all.asp
Datos.gub.uy - CatÃ¡logo De Datos Abiertos,https://catalogodatos.gub.uy/
Connecticut Open Data,https://data.ct.gov/
Uruguaian Government Open Data,http://datos.gub.uy
DirecciÃ³n Nacional De MeteorologÃ­a,http://meteorologia.com.uy/
Servicio De MeteorologÃ­a De La AviaciÃ³n,http://meteorologia.mil.ve/
General Directorate Of Statistics And National Accounts,http://stat-togo.org
National Institute Of Statistics,http://ins.nat.tn
Ministry Of National Education,http://meb.gov.tr
Tuvalu Met Service,http://informet.net/tuvmet/
Department Of Meteorology,http://meteo-uganda.net/
Ukrainian Non-government Open-data,http://cityscale.com.ua
State Statistics Committee,http://ukrstat.gov.ua
Uae Open Data,http://www.government.ae/web/guest/uae-data
National Council For Voluntary Organisations,http://data.ncvo.org.uk/
Global Open Data For Agriculture And Nutrition (godan),http://godan.info/
"Manchester, England Open Data",http://manchester.gov.uk/info/500215/open_data
Merton Council Open Data,http://merton.gov.uk/council/dp-foi/opendata.htm
Kent County Catalog,http://picandmix.org.uk/categories/
Uk National Statistics,http://statistics.gov.uk
Lichfield District Open Data,http://www2.lichfielddc.gov.uk/data/
Food Standards Agency - The Composition Of Foods,tna.europarchive.org/20110116113217/http://www.food.gov.uk/science/dietarysurveys/dietsurveys/
Durham Open Data,https://opendurham.nc.gov
Analyze Survey Data For Free,http://asdfree.com
"Bakersfield, Ca Geographic Information Services",http://bakersfieldcity.us/gis/
"Baltimore County, Md",http://baltimorecountymd.gov/agencies/infotech/gis/datadownload.html
Bureau Of Economic Analysis,http://bea.gov/itable/
"Buncombe County, Nc",http://buncombecounty.org/governing/depts/gis/
"Carson, Ca Gis - Property Information System",http://carsonproperty.info
San Diego Open Data,http://catalog.opensandiego.org/
"Contra Costa County, Ca - Map Information System",http://ccmap.us
"Madison County, Ny - Central New York Vitals",http://cnyvitals.org/madison
"Adams County, Co - Gis",http://co.adams.co.us/index.aspx?nid=1183
"Pierce County, Wa - Maps & Data",http://co.pierce.wa.us/index.aspx?nid=491
County Highpointers,http://cohp.org
Kentucky Post Secondary Education,http://cpe.ky.gov/info/
Connecticut Data Collaborative,http://ctdata.org
"Austin, Tx Open Data",http://data.austintexas.gov/
"Gainsville, Fl Open Data",http://data.cityofgainesville.org/
Virginia Beach Open Data,http://data.codeforhamptonroads.org/organization/city-of-virginia-beach
"Washington, Dc Open Data",http://data.dc.gov/
"Belleville, Il Open Data",http://data.illinois.gov/belleville
"Kansas City, Mo Open Data",http://data.kcmo.org/
Medicare Data,http://data.medicare.gov
Missouri Open Data,http://data.mo.gov/
"Montgomery County, Md Open Data",http://data.montgomerycountymd.gov/
Montana Data Portal,http://data.mt.gov
District Of Columbia,http://data.octo.dc.gov
Oklahoma Open Data,http://data.ok.gov/
"Oakland, Ca Open Data",http://data.openoakland.org/
Oregon Open Data,http://data.oregon.gov/
"Seattle, Wa Open Data",http://data.seattle.gov/
"Somerville, Ma Open Data",http://data.somervillema.gov/
"Wake County, Nc Open Data",http://data.wakegov.com/
Virginia Auditor Of Public Accounts Commonwealth Data Point,http://datapoint.apa.virginia.gov/
Factual,http://developer.factual.com/
Alaska Division Of Geological & Geophysical Surveys,http://dggs.alaska.gov
Energy Information Agency,http://eia.gov/environment/data.cfm
Openei â€“ Open Energy Info,http://en.openei.org/
Education Policy And Data Center,http://epdc.org
Ny Dept Of Labor,http://esd.ny.gov/nysdatacenter.html
"Bonner County, Id - Gis",http://ftp://ftp.co.bonner.id.us/gisdata/
Global Administrative Areas,http://gadm.org
Geonames,http://geonames.org/
Arkansas Geostar,http://geostor.arkansas.gov
Alabama Geographic Information System,http://gis.alabama.gov
"Glendale, Az - Gis Portal",http://gis.glendaleaz.com
"Shelby County, Al - Arcgis",http://gis.shelbyal.com/arcgis/
Utah Automated Geographic Reference Center,http://gis.utah.gov/
California Department Of Public Health Open Data,http://health.data.ca.gov
New York,http://health.data.ny.gov/
Us Health & Human Services,http://healthmeasures.aspe.hhs.gov
Boston Gis Data Hub,http://hubmaps1.cityofboston.gov/datahub/
Idaho Geological Survey,http://idahogeology.org
International Food Policy Research Institute,http://ifpri.org/datasets
Insititure Of International Education,http://iie.org/research-and-publications/open-doors/data
Alaska Department Of Labor And Workforce Development - Research And Analysis,http://laborstats.alaska.gov
"Monterey County, Ca - Gis Open Data",http://montereycountyopendata.montereyco.opendata.arcgis.com
Northeast Ocean Data,http://northeastoceandata.org
Unesco/international Oceanographic Data And Information Exchange - Ocean Data Portal,http://oceandataportal.net/portal
Oregon Climate Service,http://ocs.orst.edu/
Alabama Open Data,http://open.alabama.gov/
United Nations Development Programme,http://open.undp.org
Socrata Open Source Portal For Data,http://opendata.socrata.com/
Open Energy Information,http://openei.org
"Regina, Ca Open Data",http://openregina.cloudapp.net/
"Riverside, Ca Open Data",http://riversideca.gov/transparency/data
Noaa: Science On A Sphere,http://sos.noaa.gov/datasets/
Maryland Open Data,http://spending.dbm.maryland.gov
Organization Of Economic Cooperation And Development,http://stats.oecd.org/
Ohio Transparency,http://transparency.ohio.gov
United Nations Statistics Division,http://unstats.un.org
Usaspending.gov,http://usaspending.gov/
"Ventura County, Ca - Maps",http://ventura.org/maps
Alaska Satellite Facility - Vertex,http://vertex.daac.asf.alaska.edu
California Polytechnic State University Datasets,http://wiki.csc.calpoly.edu/datasets
Wyoming State Geological Survey,http://wsgs.uwyo.edu
"Ann Arbor, Michigan Open Data",http://www.a2gov.org/services/data/Pages/default.aspx
Alaska State Geospatial Data,http://www.asgdc.state.ak.us/
Centers For Disease Control And Prevention: Behavorial Risk Factor Surveillance System,http://www.cdc.gov/brfss/
South Carolina Transparency,http://www.cg.sc.gov/fiscaltransparency
Cia World Factbook,http://www.cia.gov/library/publications/the-world-factbook/
Colorado,http://www.colorado.gov/data/
South Carolina Geograhic Information Services,http://www.gis.sc.gov/data.html
Maine,http://www.maine.gov/cgi-bin/data/index.pl
Metroboston Datacommon,http://www.metrobostondatacommon.org/
National Bureau Of Statistics,http://nbs.go.tz
Department Of Statistics,http://statistics.bahamas.gov.bs
Tonga Meteorological Service,http://met.gov.to/
Department Of Statistics,http://spc.int/prism/tonga/
National Institute Of Meteorology,http://meteo.tn/htmlen/accueil.php
Uganda Bureau Of Statistics,http://ubos.org
The Geological Survey And Mines Department,http://uganda-mining.go.ug
United Arab Emirates Open Data,http://government.ae/web/guest/uae-data
National Center For Meteorology And Seismology,http://ncms.ae
"Glasgow, Scotland Open Data",http://data.glasgow.gov.uk/
Data.gov.uk,http://data.gov.uk/data
Open Data Sheffield,http://data.opensheffield.org/
University Of Edinburgh Open Data,http://gogeo.ac.uk
Statistics About Every Make And Model Of Vehicle Registered In Great Britain,http://howmanyleft.co.uk/
Open Data Communities,http://opendatacommunities.org/
West Midlands Open Datastore,http://opendatawestmids.org.uk
Mysociety Cache Of Ordnance Survey Data,http://parlvid.mysociety.org/os/
The Data Hub,http://thedatahub.org/
Allerdale Open Data,http://www.allerdale.gov.uk/default.aspx?page=2288
Derby Open Data,http://www.derby.gov.uk/council-and-democracy/open-data-and-freedom-of-information/open-data/
Open Data Manchester (uk),http://www.manchester.gov.uk/info/500215/open_data
North Devon Council Open Data,http://www.northdevon.gov.uk/index/lgcl_council_government_and_democracy/nonlgcl_open_data.htm
Open Kent,http://www.openkent.org.uk
Ordance Survey,http://www.ordnancesurvey.co.uk/innovate/innovate-with-open-data.html
Wyre Council Open Data,http://www.wyre.gov.uk/opendata
York Open Data,http://york.gov.uk/info/200602/open_data/569/open_data
Illinois Transparency & Accountability,http://accountability.illinois.gov
Who Denguenet,http://apps.who.int/globalatlas/dataquery
"Arvada, Colorado",http://arvada.org/opendata
Amazon Public Datasets,http://aws.amazon.com/datasets
"Boulder County, Co - Maps & Data",http://bouldercounty.org/gov/data/pages/default.aspx
"Charlottesville, Nc Maps And Gis Data",http://charlottesville.org/index.aspx?page=155
"Portland, Or Open Data",http://civicapps.org
"Lucas County, Oh - Gis Maps",http://co.lucas.oh.us/index.aspx?nid=1316
"Washington County, Or - Gis & Cartography",http://co.washington.or.us/assessmenttaxation/giscartography/index.cfm
Alameda County Data Sharing Initative,http://data.acgov.org/
California Open Data,http://data.ca.gov/
"Chattanooga, Tn",http://data.chattlibrary.org
"Denton, Tx Open Data",http://data.cityofdenton.com
"Madison, Wi Open Data",http://data.cityofmadison.com/
"Norfolk, Va Open Data",http://data.codeforhamptonroads.org/organization/city-of-norfolk
Montana Open Data,http://data.datamontana.us
"Hartford, Ct",http://data.hartford.gov
"Lexington, Ky Open Data",http://data.lexingtonky.gov/
Millennium Challenge - Open Data Catalog,http://data.mcc.gov/
New York Open Data,http://data.ny.gov/
"Oakland, Ca  Open Data",http://data.oaklandnet.com/
"Boulder, Co Open Data",http://data.opencolorado.org/group/boulder
"San Jose, Ca Open Data",http://data.sanjoseca.gov/home
"San Mateo County, Ca Open Data",http://data.smcgov.org/
"Santa Clara Valley, Ca - Transportation Authority",http://data.vta.org
Washington Open Data,http://data.wa.gov
Datasf,http://datasf.org
"Virginia Department Of Mines, Minerals And Energy",http://dmme.virginia.gov
North Dakota Geological Survey,http://dmr.nd.gov/ndgs/
Division Of Finance,http://doa.alaska.gov/dof/
Dept Of Revenue: Propety Tax Data,http://dor.myflorida.com/dor/property/resources/data.html
National Geospatial Intelligence Agency,http://geonames.nga.mil/gns/html/
"King County, Wa Elections Data",http://electionsdata.kingcounty.gov
Us Department Of Labor Enforcement Data,http://enforcedata.dol.gov
Department Of Economic And Social Affairs,http://esa.un.org/unpd/wpp/
Finclusionlab Microfinance Information Exchange,http://finclusionlab.org
Crowdsourced Food Banks/pantries,http://foodpantries.org
Google Owned Community Knowledge Based Database,http://freebase.com
Geocommons,http://geocommons.com
New Mexico Bureau Of Geology And Mineral Resources,http://geoinfo.nmt.edu
Idaho Geospatial Office,http://gis.idaho.gov
"Marin County, Ca Geographic Information System",http://gis.marinpublic.com
Geological Survey Of Alabama,http://gsa.state.al.us/
"Humboldt County, Ca - Gis/maps",http://humboldtgov.org/201/maps-gis-data
"Huntsville, Al Gis",http://huntsvilleal.gov/gis/
Kansas Applied Remote Sensing,http://kars.ku.edu/geodata
Loiusiana Geological Survey,http://lgs.lsu.edu
"Arvada, Co - Arcgis",http://maps.arvada.org/arcgis
Missouri Accountability Portal (map),http://mapyourtaxes.mo.gov
Montana Bureau Of Mines And Geology,http://mbmg.mtech.edu/
Natural Earth Maps,http://naturalearthdata.com/
Usda National Nutrient Database,http://ndb.nal.usda.gov/ndb/
California Department Of Fish And Wild Life Data Portal,http://nrm.dfg.ca.gov
Oklahoma Geological Survey,http://ogs.ou.edu
Open Fda Adverse Drug Events,http://open.fda.gov/drug/event/
"Regina, Saskatchewan",http://open.regina.ca/
Maine Open Data,http://opencheckbook.maine.gov/transparency
Open Data Minneapolis,http://opendata.minneapolismn.gov
Opengeocode Data Portal And Aggregated Datasets,http://opengeocode.org
Oregon Department Of Geology And Mineral Resources,http://oregongeology.org
"Portland, Or - Metroâ€™s Regional Land Information System",http://oregonmetro.gov/rlis-live
Damodaran Online - Corporate Finance Datasets,http://pages.stern.nyu.edu/~adamodar/new_home_page/data.html
Pew Research Internet Project,http://pewinternet.org/datasets/
California Geoportal,http://portal.gis.ca.gov/geoportal/catalog/main/home.page
Sangis/sandag Gis Data Warehouse,http://rdw.sandag.org
Ftc Safe Harbor,http://safeharbor.export.gov/list.aspx
Substance Abuse And Mental Health Service Administration,http://samhsa.gov/data
Geological Survey Program,http://sdgs.usd.edu
Oregon Spatial Data Library,http://spatialdata.oregonexplorer.info/gpt9/catalog/main/home.page
New Jersey Water And Geological Survey,http://state.nj.us/dep/njgs/
"St. Clair County, Al",http://stclairco.com/index.php?submenu=gis_services&src=gendocs&link=gis_services&category=gis
"St. Louis, Mo Open Data",http://stlouis-mo.gov/data/
Tennessee Transparency,http://tn.gov/opengov/
Arkansas Transparency,http://transparency.arkansas.gov
Open Data Uganda,http://data.ug
Ukrainian Geologists,http://geolog.org.ua
United Kingdom Open Data,http://data.gov.uk/
Oxford University Open Data,http://data.ox.ac.uk/
University Of Southampton Open Data,http://data.southampton.ac.uk/home.html
Eduinnfo,http://eduinfo.co.uk/
Statistics Department,http://gov.ms/pubs/statistics-department
Kent County Open Data,http://kent.gov.uk/your_council/open_data.asp
North Devon Council Open Data,http://northdevon.gov.uk/index/lgcl_council_government_and_democracy/nonlgcl_open_data.htm
Aberdeen City Open Data  Portal,http://opendata.aberdeencity.gov.uk
Nottingham Open Data,http://opendatanottingham.org.uk/
Kent County Open Data,http://openkent.org.uk
West Sussex County,http://performance.westsussex.gov.uk
Hampshire Hub,http://protohub.net
Salford Open Data,http://salford.gov.uk/opendata.htm
Scotland School Statistics,http://scotland.gov.uk/topics/statistics/browse/school-education/datasets
Exeter Open Data,http://www.exeter.gov.uk/index.aspx?articleid=13235
Department Of Transportation,http://www.gov.uk/government/collections/vehicles-statistics
Northern Ireland Open Data,http://www.opendatani.info
Wyre Council Open Data,http://wyre.gov.uk/opendata
Abre Puerto Rico,http://abrepr.org/
World Bank - Actionable Governance Indicators,http://agidata.org
Aid Data,http://aiddata.org
Atlanta Regional Commission - Gis Maps And Data,http://atlantaregional.com/info-center/gis-data-maps
The Arizona Geological Survey,http://azgs.az.gov
"Bexar County, Tx - Gis Open Data",http://bexar.org/569/gis-open-data
"Berkeley, Ca",http://ci.berkeley.ca.us/datacatalog/
"Winston-salem, Nc Gis",http://cityofws.org/departments/planning/gis
Open Source Portal For Open Data,http://ckan.org/
California Climate Commons,http://climate.calcommons.org/lists/datasets
Center For Naval Analysis - Ship Database,http://cna.org/centers/operations-tactics/ship-database
"Fresno County, Ca - Maps And Gis Information",http://co.fresno.ca.us/departmentpage.aspx?id=16313
Data Driven Detroit,http://d3.d3.opendata.arcgis.com
"Baton Rouge, La Open Data",http://data.brla.gov
"Burlington, Vt Open Data",http://data.burlingtonvt.gov/
"Carver County, Mn",http://data.carver.opendata.arcgis.com
"Boston, Ma Open Data",http://data.cityofboston.gov/
"Chicago, Il Open Data",http://data.cityofchicago.org/
"Palo Alto, Ca Open Data",http://data.cityofpaloalto.org/
Center For Medicare & Medicad Services,http://data.cms.gov/
"Culver City, Ca",http://data.culvercity.org
Denver Open Data Catalog,http://data.denvergov.org/
"Fort Worth, Tx Open Data",http://data.fortworthtexas.gov
"Champaign, Il Open Data",http://data.illinois.gov/champaign
Maryland Imap,http://data.imap.maryland.gov
"King County, Wa Open Data",http://data.kingcounty.gov
Michigan Open Data,http://data.michigan.gov
Open Colorado,http://data.opencolorado.org/
Virginia Open Data,http://data.openva.com/
"Raleigh, Nc Open Data",http://data.raleighnc.gov/
"Santa Monica, Ca Data Portal",http://data.smgov.net
"South Bend, In Open Data",http://data.southbendin.gov/
United Nations Data Mart,http://data.un.org/datamartinfo.aspx
The World Bank,http://data.worldbank.org/
"Cook County, Il Open Data",http://datacatalog.cookcountyil.gov/
Pennsylvania - Bureau Of Topographic And Geologic Survey,http://dcnr.state.pa.us/topogeo
Washington Dc Metro Api,http://developer.wmata.com/
The World Bank Catalog,http://developer.worldbank.org
Delaware Geological Survey,http://dgs.udel.edu
Us Aid - Demographic And Health Surveys,http://dhsprogram.com
Fbi Unified Crime Reports (ucr),http://fbi.gov/about-us/cjis/ucr
Feeding America - Local Food Banks,http://feedingamerica.org/find-your-local-foodbank/?_ga=1.223258523.1626167282.1417548401
Washington Transparency,http://fiscal.wa.gov
United Nations Environment Programme,http://geodata.grid.unep.ch
Utah Geological Survey,http://geology.utah.gov/
Fgdc Geoplatform,http://geoplatform.gov
University Of Washington: Global Health Data Exchange,http://ghdx.org
"Atllanta, Ga - Gis",http://gis.atlantaga.gov/
"Montgomery County, Al - Arcgis",http://gis.montgomeryal.gov/arcgis/rest/services
Mississippi Geospatial Clearinghouse,http://gis.ms.gov
Ny Gis Clearinghouse,http://gis.ny.gov
Esri Geoportal Server Open Source,http://gptogc.esri.com/geoportal
Open Grocery Database Project,http://grocery.com/open-grocery-database-project/
Indiana Geological Survey,http://igs.indiana.edu
International Steering Committee For Global Mapping,http://iscgm.org/gmd/
Illinois State Geological Survey,http://isgs.uiuc.edu
Kansas Geological Survey,http://kgs.ku.edu
"King County, Wa - Gis",http://kingcounty.gov/operations/gis.aspx
"Sitka, Ak - Gis Data",http://mainstreetmaps.com/ak/sitka
Map Your Taxes - Missouri Accountability Portal,http://mapyourtaxes.mo.gov/map/portal/default.aspx
Maryland Geological Survey,http://mgs.md.gov/
Noaa National Climate Data Center,http://ncdc.noaa.gov/cdo-web/webservices/v2
New Hampshire Open Data,http://nhopengov.org/
National Weather Service,http://nws.noaa.gov/gis/
Nevada Open Data,http://open.nv.gov
Open Flights Airflight Data,http://openflights.org/data.html
Open Science Data Cloud Public Data,http://opensciencedatacloud.org/publicdata/
Openstreetmap Foundation,http://openstreetmap.org
National Public Radio - Accessible Playgrounds,http://playgroundsforeveryone.com/
Portland-vancouver Metropolitan Region Transportation Archive (portal),http://portal.its.pdx.edu
"Louisville, Ky Open Data",http://portal.louisvilleky.gov
San Diego Apps Challenge Data,http://sdappschallenge.com/details/data
Nebraska - Conservation And Survey Division,http://snr.unl.edu/csd/
Social Security Agency - Babynames,http://ssa.gov/oact/babynames
Transparency Connecticut,http://transparency.ct.gov
Utah Department Of Transportation Data Portal,http://udot.utah.gov/ugate
Kentucky Geological Survey,http://uky.edu/kgs/
Un Databases,http://un.org/en/databases/
Unesco Atlas Of The World's Languages In Danger,http://unesco.org/culture/languages-atlas/index.php
United Nations Multilingual Terminology Database,http://unterm.un.org/dgaacs/unterm.nsf/8fa942046ff7601c85256983007ca4d8/$searchform?searchview
Thai Meteorological Department,http://tmd.go.th/
Central Statistical Office,http://cso.planning.gov.tt
Meteorological Service,http://metoffice.gov.tt/
African Development Bank Group Open Data,http://tunisia.opendataforafrica.org/
Turkish Statistical Institute,http://turkstat.gov.tr
Ministry Of Energy And Mineral Development,http://energyandminerals.go.ug
Ukrainian Hydrometeorological Center,http://meteo.gov.ua/
Warwickshire Open Data,http://apps.warwickshire.gov.uk/OpenData
Birmingham City Council,http://birmingham.gov.uk/open-data
University Of Lincoln Open Data,http://data.lincoln.ac.uk/
Uk Data Service,http://discover.ukdataservice.ac.uk/
European State Finance Database  - Historical Index Of Consumer Index And Builders Wages In England,http://esfdb.websites.bta.com/table.aspx?resourceid=11484
Gov.uk Statistics,http://gov.uk/government/statistics
Guardian Newspaper Data Catalog,http://guardian.co.uk/world-government-data
Met Office,http://metoffice.gov.uk
Open Un-habitat Transparency Initiative,http://open.unhabitat.org/
Borough Of Warwickshire,http://opendata.warwickshire.gov.uk/datasets/
Permanent Committee On Geographical Names,http://pcgn.org.uk
Saint Helena,http://sainthelena.gov.sh/statistics
Transport Scotland,http://transportscotland.gov.uk/
Cambridge Transparency In Local Government,http://www.cambridge.gov.uk/open-data-transparency-in-local-government
Edinburgh Open Data,http://www.edinburgh.gov.uk/info/20246/open_data
Go-geo!,http://www.gogeo.ac.uk
Guardian World Government Data,http://www.guardian.co.uk/world-government-data
Salford Open Data,http://www.salford.gov.uk/opendata.htm
Us Dept. Of Energy - Alternative Fuels Data Center,http://afdc.energy.gov/data_download
"Ketchikan Gateway Borough, Ak - Gis/maps",http://ak-ketchikangatewayborough.civicplus.com/196/gis-maps
Vermont Geological Survey,http://anr.state.vt.us/dec/geo
"Aurora, Co - Gis Open Data",http://apps.auroragov.org/gisopendata
"Bloomington, In City Maps",http://bloomington.in.gov/sections/viewsection.php?section_id=402
"Cambridge, Ma Open Data",http://cambridgegis.github.io/gisdata.html
"Yakima County, Wa - Gis",http://co.yakima.wa.us/gis
Colorado Geological Survey,http://coloradogeologicalsurvey.org
Orbis Latinus - Latin Names 1909,http://columbia.edu/acis/ets/graesse/contents.html
Central Statistics Division,http://commerce.gov.mp/divisions/central-statistics
Global Forest Watch,http://commodities.globalforestwatch.org/#v=dataview
Department Of Conservation - California Geological Survey,http://consrv.ca.gov/cgs
"Los Angeles, Ca Open Data",http://controllerdata.lacity.org/browse?sortby=most_accessed&sortperiod=week
Greater New Haven Data Portal,http://ctdatahaven.org
Open Baltimore,http://data.baltimorecity.gov/
California Open Data,http://data.cacs.org/
City Of Santa Cruz Open Data,http://data.cityofsantacruz.com/
"Williamsburg, Va Open Data",http://data.codeforhamptonroads.org/organization/city-of-williamsburg
Hawaii Open Data,http://data.hawaii.gov/
"Rockford, Il Open Data",http://data.illinois.gov/rockford
Iowa Open Data,http://data.iowa.gov/
Maryland Open Data,http://data.maryland.gov/
National Fire Protection Association,http://data.nfpa.org/
New Jersey Open Data,http://data.nj.gov
"New Orleans, La Open Data",http://data.nola.gov/
Houston Data Portal,http://data.ohouston.org
"Oklahoma City, Ok",http://data.okc.gov
Colorado Open Data,http://data.opencolorado.org
"Redmond, Wa Open Data",http://data.redmond.gov
"San Francisco, Ca Open Data",http://data.sfgov.org/
"Salt Lake City, Ut Open Data",http://data.slcgov.com/
"Weatherford, Tx Open Data",http://data.weatherfordtx.gov/
"Wellington, Fl Open Data",http://data.wellingtonfl.gov/
Open Hampton Roads,http://datahub.io/organization/open-hampton-roads
Dataverse,http://dataverse.pitt.edu/external/datasets.php
Health Resources And Services Administration,http://datawarehouse.hrsa.gov/data/data.aspx
"Portland, Or Trimet",http://developer.trimet.org/
Missouri Department Of Natural Resources,http://dnr.mo.gov
Food & Agriculture Organization,http://faostat.fao.org/
Global Administrative Areas World Administrative Divisions,http://gadm.org/
"Craven County, Nc",http://gis.cravencountync.gov/default.aspx
Honolulu Land Information System,http://gis.hicentral.com/
"Mesa, Az - Maps/gis",http://gis.mesaaz.gov/
"Napa County, Ca - Gis Data",http://gis.napa.ca.gov/giscatalog/catalog_xml.asp
"Charleston, Sc Open Data",http://gis/gazetteer.charleston-sc.gov/dataportal/
"Honolulu, Hi Land Information System",http://gis/gazetteer.hicentral.com/
"Westchester County, Ny Gis Data",http://giswww.westchestergov.com/wcgis/datawarehouse.htm
"Atlanta, Ga Open Data",http://govathon.com
Greater Portland - Regional Data,http://greaterportlandinc.com/regional-data
Sun Database,http://groups.csail.mit.edu/vision/sun/
"Hennepin County, Mn - Gis Open Data",http://hennepin.us/your-government/open-government/gis-open-data
Department Of State - Humanitarian Information Unit,http://hiu.state.gov/
International Monetary Fund - Data & Statistics,http://imf.org/external/data.htm
"Jersey City, Nj Data Portal",http://jerseycitynj.gov/data.aspx
Kansas Gis,http://kansasgis.org
Kansas Department Of Administration,http://kanview.ks.gov/
"Las Vegas, Nv Open Data",http://lasvegas.opendata.junar.com/home/
La Times - Datadesk For Los Angeles County,http://latimes.com/local/datadesk/
Louisiana Gis Portal,http://map.la.gov/
Boston Metropolitan Area Planning Commission - Data Services,http://mapc.org/data-services
"Kern County, Ca - Arcgis",http://maps.co.kern.ca.us/arcgis/rest/services
"New Hanover County, Nc",http://maps.nhcgov.com
"Matanuska-susitna Borough, Ak Gis",http://matsugov.us/it/gis/
Mid-atlantic Ocean Data Portal,http://midatlanticocean.org/data-portal
Nevada Bureau Of Mines And Geology,http://nbmg.unr.edu
West Virginia Health Data Portal,http://ncahd.org/wvhealthdataportal/
National Center For Education Statistics,http://nces.ed.gov/datatools/
New Jersey Geographic Information Network,http://njgin.state.nj.us
Montana Gis,http://nris.mt.gov/gis/
National Snow & Ice Data Center,http://nsidc.org/data
Nyc Department Of Planning - Bytes Of The Big Apple,http://nyc.gov/html/dcp/html/bytes/applbyte.shtml
New York State Museum - New York Geological Survey,http://nysm.nysed.gov/nysgs
Open Addresses,http://openaddresses.io
Arizona Open Data,http://openbooks.az.gov
Opendoor Kentucky,http://opendoor.ky.gov/transparency/pages/default.aspx
Central Statistical Office,http://zamstats.gov.zm
Natural History Museum Data Portal,http://data.nhm.ac.uk/
FLOSSMole,http://flossmole.org/
CNIL Open Data,http://www.cnil.fr/documentation/open-cnil/
Missouri,http://www.mo.gov/data/
North Carolina Transparency,http://www.ncopenbook.gov/
New Hampshire Transparency,http://www.nh.gov/transparentnh/
Opendataphilly,http://www.opendataphilly.org/
Rhode Island,http://www.ri.gov/data
New Mexico Transparency,http://www.sunshineportalnm.com/
Texas,http://www.texas.gov/en/connect/pages/open-data.aspx
Rhode Island Transparency,http://www.transparency.ri.gov
United Nations (undata) Catalog,http://www.undata-api.org/wiki/datasets
New Jersey Transparency,http://yourmoney.nj.gov
Vanuatu National Statistics Office,http://vnso.gov.vu
Instituto Nacional De EstadÃ­stica,http://ine.gov.ve
Hydrometeorological Service,http://nchmf.gov.vn
African Development Bank Group Open Data,http://zimbabwe.opendataforafrica.org/
Statistics In Zimbabwe,http://zimstat.co.zw/
Montana Transparency,http://transparency.mt.gov
Idaho Transparency Data,http://transparent.idaho.gov
Unesco Institute For Statistics,http://uis.unesco.org
Unicef,http://unicef.org/statistics/
United Nations Group Of Experts On Geographical Names,http://unstats.un.org/unsd/geoinfo/ungegn/geonames.html
Vermont Gis,http://vcgi.vermont.gov/
Wisconsin Geological And Natual History Survey,http://wisconsingeologicalsurvey.org
"Bellingham,wa Gis",http://www.cob.org/services/maps/gis/
Consumer Finance,http://www.consumerfinance.gov/complaintdatabase/
United States Federal Government,http://www.data.gov/
Florida Department Of Transportation - Maps & Data,http://www.dot.state.fl.us/agencyresources/mapsanddata.shtm
"Hamilton, Ca Open Data",http://www.hamilton.ca/projectsinitiatives/opendata/
Indiana Transparency,http://www.in.gov/itp
Maine Open Data,http://www.maine.gov/data/
Massachuetts Open Data,http://www.mass.gov/data/
Massachusetts Open Data,http://www.mass.gov/portal/government-taxes/open/open-data.html
Massachuetts Transparency,http://www.mass.gov/transparency
"Chicago, Il Open Data",http://www.metrochicagodata.org/
Michigan,"http://www.michigan.gov/som/0,1607,7-192-29938_54272---,00.html"
Nc Openbook,http://www.ncopenbook.gov/ncopenbook/
Noaa National Oceangraphic Data Center (nodc) Sea Level,http://www.nodc.noaa.gov/general/sealevel.html
New York Senate,http://www.nysenate.gov/open/
Connecticut Open Data,http://www.osc.ct.gov/openct
Security And Exchange Commission,http://www.sec.gov/open/datasets.shtml
Minnesota Open Data,http://www.state.mn.us/opendata/
Texas Transparency,http://www.texastransparency.org/opendata/index.php
Chicago Transit Authority Open Data,http://www.transitchicago.com/data/
"Louisiana, Dept Of Admininistration",http://wwwprd.doa.louisiana.gov/latrac/portal.cfm
Massachusetts,https://wiki.state.ma.us/confluence/display/data/open+data+initiative+home
Vanuatu Meteorological Services,http://meteo.gov.vu
African Development Bank Group Open Data,http://zambia.opendataforafrica.org/
Ministry Of Mines And Mining Development,http://mines.gov.zw
Zimbabwe Meteorological Services Department,http://weather.co.zw
National Highway Traffic Safety Administration: Fatalities Analysis System (fars),http://www-fars.nhtsa.dot.gov/main/
Us Government Open Data,http://www.data.gov
United States Department Of Agriculture: Econonic Research Services,http://www.ers.usda.gov/data-products.aspx
Florida Transparency,http://www.floridahasarighttoknow.com/
Us Dept. Of Energy,http://www.fueleconomy.gov/feg/ws/index.shtml
Healthdata.gov,http://www.healthdata.gov/
Michigan Datastore,http://www.michigan.gov/data/
Minnesota Management & Budget,http://www.mmb.state.mn.us/tap
Us Dol Mine Safety,http://www.msha.gov/opengovernmentdata/ogimsha.asp
Us Department Of Labor,http://www.msha.gov/opengovernmentdata/ogimsha.asp#jump
Natural Earth,http://www.naturalearthdata.com/
Oregon Transparency,http://www.oregon.gov/transparency
Mississippi Transparency,http://www.transparency.mississippi.gov
Wyoming Transparency,http://www.wyoming.gov/transparency.html
Montevideo Public Data Catalogue,http://datos.montevideo.gub.uy
Insituto Nacional De Estadistica,http://ine.gub.uy
Yemen Meteorological Service,http://yms.gov.ye
Zambia Meteorological Department,http://zmd.gov.zm/
Legislation Open Data,http://openstates.org/
Open Topography - University Of California,http://opentopography.org
"Sacramento, Ca Open Data",http://portal.cityofsacramento.org/opendata
"Solano County, Ca Regional Gis",http://regis.solanocounty.com
"Sacremento County, Ca - Gis",http://sacgis.org
Nielson Institute - Sage - Historical Crop Lands,http://sage.wisc.edu/download/crop1700/hist_croplands.html
Vermont Transparency,http://spotlight.vermont.gov/
University Of Maryland - Global Land Cover Facility,http://staff.glcf.umd.edu/sns/branch/htdocs.sns/
Tennessee Geological Survey,http://tn.gov/environment/geology
Conneticut Transparency Website,http://transparency.ct.gov/html/main.asp
West Virginia Transparency,http://transparencywv.org
Union Of Concerned Scientists,http://ucsusa.org/nuclear_weapons_and_global_security/solutions/space-weapons/ucs-satellite-database.html
Undp Country Climate Data Profiles,http://undp.org/content/undp/en/home/librarypage/environment-energy/climate_change/adaptation/undp_climate_changecountryprofiles.html
Vi Bureau Of Economic Research,http://usviber.org
World Health Organization,http://who.int/research/en/
Cdc Wonder,http://wonder.cdc.gov
Alaska Aoos,http://www.aoos.org/aoos-data-resources/
"Alburquerque, Nm Open Data",http://www.cabq.gov/abq-data/
Us Census Bureau,http://www.census.gov/
"Tulsa, Ok Open Data",http://www.cityoftulsa.org/our-city/open-tulsa/open-tulsa-dataset-list.aspx
"King County, Washington",http://www.datakc.org/
Geospatial One-stop,http://www.geodata.gov
University Of Michigan: National Archive Of Criminal Justice Data,http://www.icpsr.umich.edu/icpsrweb/nacjd/nibrs/
Mississippi Maris Gis,http://www.maris.state.ms.us/
New York Senate,http://www.nysenate.gov/opendata
Organisation For Economic Co-operation And Development,http://www.oecd.org/statistics/
Georgia Open Data,http://www.open.georgia.gov/
"Washington, Dc Open Data",http://www.opendatadc.org/
Pennsylania Spatial Access,http://www.pasda.psu.edu/
Recovery.gov,http://www.recovery.gov/
Rhode Island Open Data,http://www.ri.gov/data/
Security And Exchange Commission,http://www.sec.gov/edgar/searchedgar/companysearch.html
Social Security Administration Open Data,http://www.ssa.gov/open/data/
Texas Open Data,http://www.texas.gov/en/connect/pages/open-data.aspx
Tennessee,http://www.tn.gov/opengov/
Us Department Of Agriculture Open Data,http://www.usda.gov/wps/portal/usda/usdahome?navid=data
Us Geological Survey,http://www.usgs.gov/
Utah Open Data,http://www.utah.gov/data/
Agic Geodata Portal (azgeo),https://arcgis2.geo.az.gov/portal/
Dept. Of Ecology - Washington State Coastal Atlas,https://fortress.wa.gov/ecy/coastalatlas/
Ministry Of Minerals & Geology,http://dinamige.gub.uy
Ministry Of Education And Culture,http://mec.gub.uy
Uzhydromet,http://meteo.uz
General Statistics Office,http://gso.gov.vn
Central Statistical Organisation,http://cso-yemen.org
Open Data Portal Richmond,https://data.richmondgov.com/
Bath Hacked,http://www.bathhacked.org/
Belfast Open Data,http://data.nicva.org/
